tipo_metrica,detector,umbral,escenario,delta_sigma,arl0,arl0_ic_low,arl0_ic_high,arl0_censurados,arl0_n_streams,arl1,arl1_ic_low,arl1_ic_high,arl1_censurados,arl1_n_streams,arl1_excluidos_pre_tau
auc,CUSUM,1.59375,cambio_varianza,0.5,20.555,17.922240327476445,23.187759672523555,0,200,8.733333333333333,5.5244915637978345,11.94217510286883,0,30,170
auc,CUSUM,1.59375,cambio_varianza,1.0,20.555,17.922240327476445,23.187759672523555,0,200,5.625,3.75033551388952,7.49966448611048,0,32,168
auc,CUSUM,1.59375,cambio_varianza,1.5,20.555,17.922240327476445,23.187759672523555,0,200,9.0,6.238401262636641,11.761598737363359,0,29,171
auc,CUSUM,1.59375,cambio_varianza,2.0,20.555,17.922240327476445,23.187759672523555,0,200,8.04,5.064326648751019,11.01567335124898,0,25,175
auc,CUSUM,1.59375,cambio_varianza,3.0,20.555,17.922240327476445,23.187759672523555,0,200,4.583333333333333,3.00085698249387,6.165809684172796,0,24,176
auc,CUSUM,1.59375,deriva,0.5,20.555,17.922240327476445,23.187759672523555,0,200,13.866666666666667,10.456434742328122,17.276898591005214,0,15,185
auc,CUSUM,1.59375,deriva,1.0,20.555,17.922240327476445,23.187759672523555,0,200,7.72,5.690918736636372,9.749081263363628,0,25,175
auc,CUSUM,1.59375,deriva,1.5,20.555,17.922240327476445,23.187759672523555,0,200,7.88,5.823338212863703,9.936661787136297,0,25,175
auc,CUSUM,1.59375,deriva,2.0,20.555,17.922240327476445,23.187759672523555,0,200,8.766666666666667,7.34866394847031,10.184669384863026,0,30,170
auc,CUSUM,1.59375,deriva,3.0,20.555,17.922240327476445,23.187759672523555,0,200,6.25,5.247185843795543,7.252814156204457,0,24,176
auc,CUSUM,1.59375,salto,0.5,20.555,17.922240327476445,23.187759672523555,0,200,10.185185185185185,6.7295947760878025,13.640775594282568,0,27,173
auc,CUSUM,1.59375,salto,1.0,20.555,17.922240327476445,23.187759672523555,0,200,6.411764705882353,2.434326518698048,10.389202893066658,0,17,183
auc,CUSUM,1.59375,salto,1.5,20.555,17.922240327476445,23.187759672523555,0,200,2.2666666666666666,1.9158833287049402,2.617450004628393,0,30,170
auc,CUSUM,1.59375,salto,2.0,20.555,17.922240327476445,23.187759672523555,0,200,1.8,1.238381286861479,2.361618713138521,0,20,180
auc,CUSUM,1.59375,salto,3.0,20.555,17.922240327476445,23.187759672523555,0,200,1.56,1.1507399848507065,1.9692600151492936,0,25,175
auc,CUSUM,2.1875,cambio_varianza,0.5,28.59,25.143116607599843,32.036883392400156,6,200,10.927272727272728,8.51583002487479,13.338715429670666,0,55,145
auc,CUSUM,2.1875,cambio_varianza,1.0,28.59,25.143116607599843,32.036883392400156,6,200,7.5576923076923075,5.807415545727583,9.307969069657032,0,52,148
auc,CUSUM,2.1875,cambio_varianza,1.5,28.59,25.143116607599843,32.036883392400156,6,200,10.304347826086957,8.068466925268108,12.540228726905806,0,46,154
auc,CUSUM,2.1875,cambio_varianza,2.0,28.59,25.143116607599843,32.036883392400156,6,200,9.380952380952381,6.69746316667489,12.064441595229873,0,42,158
auc,CUSUM,2.1875,cambio_varianza,3.0,28.59,25.143116607599843,32.036883392400156,6,200,7.3125,4.787434968536342,9.837565031463658,0,48,152
auc,CUSUM,2.1875,deriva,0.5,28.59,25.143116607599843,32.036883392400156,6,200,18.0,15.100944186667089,20.89905581333291,0,38,162
auc,CUSUM,2.1875,deriva,1.0,28.59,25.143116607599843,32.036883392400156,6,200,12.423076923076923,10.227869166970425,14.618284679183422,0,52,148
auc,CUSUM,2.1875,deriva,1.5,28.59,25.143116607599843,32.036883392400156,6,200,9.568181818181818,7.40584577688592,11.730517859477716,0,44,156
auc,CUSUM,2.1875,deriva,2.0,28.59,25.143116607599843,32.036883392400156,6,200,9.948275862068966,8.806017047468387,11.090534676669545,0,58,142
auc,CUSUM,2.1875,deriva,3.0,28.59,25.143116607599843,32.036883392400156,6,200,7.87037037037037,6.934801225979852,8.805939514760889,0,54,146
auc,CUSUM,2.1875,salto,0.5,28.59,25.143116607599843,32.036883392400156,6,200,11.733333333333333,8.964696459091039,14.501970207575626,0,45,155
auc,CUSUM,2.1875,salto,1.0,28.59,25.143116607599843,32.036883392400156,6,200,7.136363636363637,4.7092898546187465,9.563437418108528,0,44,156
auc,CUSUM,2.1875,salto,1.5,28.59,25.143116607599843,32.036883392400156,6,200,3.1636363636363636,2.573191695585244,3.754081031687483,0,55,145
auc,CUSUM,2.1875,salto,2.0,28.59,25.143116607599843,32.036883392400156,6,200,2.1,1.7232985266819363,2.476701473318064,0,50,150
auc,CUSUM,2.1875,salto,3.0,28.59,25.143116607599843,32.036883392400156,6,200,1.6458333333333333,1.3881995573458847,1.9034671093207818,0,48,152
auc,CUSUM,3.96875,cambio_varianza,0.5,55.825,51.07273113430445,60.57726886569556,47,200,19.091743119266056,16.132157157468765,22.051329081063347,4,109,91
auc,CUSUM,3.96875,cambio_varianza,1.0,55.825,51.07273113430445,60.57726886569556,47,200,17.645454545454545,14.885807671036767,20.405101419872324,5,110,90
auc,CUSUM,3.96875,cambio_varianza,1.5,55.825,51.07273113430445,60.57726886569556,47,200,19.946428571428573,17.052207278594885,22.84064986426226,6,112,88
auc,CUSUM,3.96875,cambio_varianza,2.0,55.825,51.07273113430445,60.57726886569556,47,200,18.636363636363637,15.454375762100769,21.818351510626503,2,99,101
auc,CUSUM,3.96875,cambio_varianza,3.0,55.825,51.07273113430445,60.57726886569556,47,200,20.27433628318584,17.042752383979227,23.50592018239245,8,113,87
auc,CUSUM,3.96875,deriva,0.5,55.825,51.07273113430445,60.57726886569556,47,200,27.65137614678899,24.341403401765152,30.96134889181283,10,109,91
auc,CUSUM,3.96875,deriva,1.0,55.825,51.07273113430445,60.57726886569556,47,200,19.47107438016529,17.71241075110736,21.229738009223222,0,121,79
auc,CUSUM,3.96875,deriva,1.5,55.825,51.07273113430445,60.57726886569556,47,200,13.91304347826087,12.541125661599802,15.284961294921937,0,115,85
auc,CUSUM,3.96875,deriva,2.0,55.825,51.07273113430445,60.57726886569556,47,200,13.042372881355933,12.228109599434418,13.856636163277447,0,118,82
auc,CUSUM,3.96875,deriva,3.0,55.825,51.07273113430445,60.57726886569556,47,200,10.101694915254237,9.377505071050503,10.82588475945797,0,118,82
auc,CUSUM,3.96875,salto,0.5,55.825,51.07273113430445,60.57726886569556,47,200,22.06,19.08062547029031,25.039374529709686,2,100,100
auc,CUSUM,3.96875,salto,1.0,55.825,51.07273113430445,60.57726886569556,47,200,10.102803738317757,8.37304022884876,11.832567247786754,0,107,93
auc,CUSUM,3.96875,salto,1.5,55.825,51.07273113430445,60.57726886569556,47,200,5.627118644067797,4.909720499266635,6.344516788868958,0,118,82
auc,CUSUM,3.96875,salto,2.0,55.825,51.07273113430445,60.57726886569556,47,200,3.9145299145299144,3.3695858013931415,4.459474027666688,0,117,83
auc,CUSUM,3.96875,salto,3.0,55.825,51.07273113430445,60.57726886569556,47,200,2.3448275862068964,2.138236126995792,2.5514190454180006,0,116,84
auc,CUSUM,5.15625,cambio_varianza,0.5,67.835,63.09401013429329,72.5759898657067,79,200,27.85496183206107,24.433592373385167,31.27633129073697,18,131,69
auc,CUSUM,5.15625,cambio_varianza,1.0,67.835,63.09401013429329,72.5759898657067,79,200,25.50735294117647,22.176244999775804,28.838460882577138,20,136,64
auc,CUSUM,5.15625,cambio_varianza,1.5,67.835,63.09401013429329,72.5759898657067,79,200,28.08053691275168,25.123107685474555,31.037966140028804,17,149,51
auc,CUSUM,5.15625,cambio_varianza,2.0,67.835,63.09401013429329,72.5759898657067,79,200,26.76086956521739,23.504406291955828,30.017332838478954,15,138,62
auc,CUSUM,5.15625,cambio_varianza,3.0,67.835,63.09401013429329,72.5759898657067,79,200,24.76551724137931,21.802141871773493,27.728892610985127,14,145,55
auc,CUSUM,5.15625,deriva,0.5,67.835,63.09401013429329,72.5759898657067,79,200,33.23741007194245,30.029269707969068,36.44555043591583,27,139,61
auc,CUSUM,5.15625,deriva,1.0,67.835,63.09401013429329,72.5759898657067,79,200,22.846153846153847,20.976931135536926,24.715376556770767,1,143,57
auc,CUSUM,5.15625,deriva,1.5,67.835,63.09401013429329,72.5759898657067,79,200,17.065217391304348,15.819879572447338,18.310555210161358,0,138,62
auc,CUSUM,5.15625,deriva,2.0,67.835,63.09401013429329,72.5759898657067,79,200,14.926666666666666,14.10664096975569,15.746692363577642,0,150,50
auc,CUSUM,5.15625,deriva,3.0,67.835,63.09401013429329,72.5759898657067,79,200,11.370860927152318,10.67399340948616,12.067728444818476,0,151,49
auc,CUSUM,5.15625,salto,0.5,67.835,63.09401013429329,72.5759898657067,79,200,27.93076923076923,24.811425217772467,31.050113243765992,14,130,70
auc,CUSUM,5.15625,salto,1.0,67.835,63.09401013429329,72.5759898657067,79,200,12.398601398601398,10.790076203544327,14.00712659365847,0,143,57
auc,CUSUM,5.15625,salto,1.5,67.835,63.09401013429329,72.5759898657067,79,200,7.401408450704225,6.460909220077284,8.341907681331165,0,142,58
auc,CUSUM,5.15625,salto,2.0,67.835,63.09401013429329,72.5759898657067,79,200,4.668918918918919,4.118655839088379,5.21918199874946,0,148,52
auc,CUSUM,5.15625,salto,3.0,67.835,63.09401013429329,72.5759898657067,79,200,2.78,2.565476962746878,2.9945230372531215,0,150,50
auc,CUSUM,8.125,cambio_varianza,0.5,88.78,85.46539281410543,92.09460718589457,150,200,41.68539325842696,38.49999416517709,44.87079235167683,87,178,22
auc,CUSUM,8.125,cambio_varianza,1.0,88.78,85.46539281410543,92.09460718589457,150,200,40.22346368715084,37.09584979358088,43.3510775807208,81,179,21
auc,CUSUM,8.125,cambio_varianza,1.5,88.78,85.46539281410543,92.09460718589457,150,200,41.98918918918919,39.203441408544435,44.774936969833945,74,185,15
auc,CUSUM,8.125,cambio_varianza,2.0,88.78,85.46539281410543,92.09460718589457,150,200,38.2032967032967,35.12600684627942,41.280586560313985,69,182,18
auc,CUSUM,8.125,cambio_varianza,3.0,88.78,85.46539281410543,92.09460718589457,150,200,41.889502762430936,38.92122755199823,44.857777972863644,85,181,19
auc,CUSUM,8.125,deriva,0.5,88.78,85.46539281410543,92.09460718589457,150,200,43.032786885245905,40.40143885770094,45.66413491279087,77,183,17
auc,CUSUM,8.125,deriva,1.0,88.78,85.46539281410543,92.09460718589457,150,200,30.415730337078653,28.369856471351206,32.4616042028061,11,178,22
auc,CUSUM,8.125,deriva,1.5,88.78,85.46539281410543,92.09460718589457,150,200,21.224719101123597,19.97958017296194,22.469858029285255,0,178,22
auc,CUSUM,8.125,deriva,2.0,88.78,85.46539281410543,92.09460718589457,150,200,17.86263736263736,17.12217607927545,18.60309864599927,0,182,18
auc,CUSUM,8.125,deriva,3.0,88.78,85.46539281410543,92.09460718589457,150,200,13.686813186813186,13.097587965772705,14.276038407853667,0,182,18
auc,CUSUM,8.125,salto,0.5,88.78,85.46539281410543,92.09460718589457,150,200,38.71270718232044,35.86507827479968,41.56033608984121,53,181,19
auc,CUSUM,8.125,salto,1.0,88.78,85.46539281410543,92.09460718589457,150,200,18.016574585635357,16.118589073322816,19.9145600979479,4,181,19
auc,CUSUM,8.125,salto,1.5,88.78,85.46539281410543,92.09460718589457,150,200,10.430939226519337,9.315263003471923,11.546615449566751,1,181,19
auc,CUSUM,8.125,salto,2.0,88.78,85.46539281410543,92.09460718589457,150,200,6.824175824175824,6.268437026567259,7.379914621784389,0,182,18
auc,CUSUM,8.125,salto,3.0,88.78,85.46539281410543,92.09460718589457,150,200,4.117647058823529,3.8865803365943576,4.3487137810527,0,187,13
auc,Page-Hinkley,2.484375,cambio_varianza,0.5,20.265,17.808047334562385,22.721952665437616,0,200,8.434782608695652,4.689445430857015,12.18011978653429,0,23,177
auc,Page-Hinkley,2.484375,cambio_varianza,1.0,20.265,17.808047334562385,22.721952665437616,0,200,7.571428571428571,5.566752556226632,9.57610458663051,0,28,172
auc,Page-Hinkley,2.484375,cambio_varianza,1.5,20.265,17.808047334562385,22.721952665437616,0,200,7.730769230769231,5.250214435028052,10.21132402651041,0,26,174
auc,Page-Hinkley,2.484375,cambio_varianza,2.0,20.265,17.808047334562385,22.721952665437616,0,200,8.44,5.480291834206172,11.399708165793827,0,25,175
auc,Page-Hinkley,2.484375,cambio_varianza,3.0,20.265,17.808047334562385,22.721952665437616,0,200,5.190476190476191,3.4237868824451745,6.957165498507207,0,21,179
auc,Page-Hinkley,2.484375,deriva,0.5,20.265,17.808047334562385,22.721952665437616,0,200,12.9,8.095000936524546,17.704999063475455,0,10,190
auc,Page-Hinkley,2.484375,deriva,1.0,20.265,17.808047334562385,22.721952665437616,0,200,9.8,7.292527434513657,12.307472565486345,0,25,175
auc,Page-Hinkley,2.484375,deriva,1.5,20.265,17.808047334562385,22.721952665437616,0,200,7.68,5.714389363751475,9.645610636248525,0,25,175
auc,Page-Hinkley,2.484375,deriva,2.0,20.265,17.808047334562385,22.721952665437616,0,200,7.666666666666667,6.281268484696818,9.052064848636515,0,30,170
auc,Page-Hinkley,2.484375,deriva,3.0,20.265,17.808047334562385,22.721952665437616,0,200,6.3076923076923075,5.083579848148877,7.531804767235738,0,26,174
auc,Page-Hinkley,2.484375,salto,0.5,20.265,17.808047334562385,22.721952665437616,0,200,9.681818181818182,6.0039299687278245,13.359706394908539,0,22,178
auc,Page-Hinkley,2.484375,salto,1.0,20.265,17.808047334562385,22.721952665437616,0,200,6.176470588235294,2.9035083732227753,9.449432803247813,0,17,183
auc,Page-Hinkley,2.484375,salto,1.5,20.265,17.808047334562385,22.721952665437616,0,200,2.4,1.9839557936838976,2.816044206316102,0,30,170
auc,Page-Hinkley,2.484375,salto,2.0,20.265,17.808047334562385,22.721952665437616,0,200,1.631578947368421,1.1766953886239828,2.086462506112859,0,19,181
auc,Page-Hinkley,2.484375,salto,3.0,20.265,17.808047334562385,22.721952665437616,0,200,1.8095238095238095,1.2923863895751937,2.3266612294724256,0,21,179
auc,Page-Hinkley,3.375,cambio_varianza,0.5,28.33,24.902551622459715,31.757448377540282,7,200,11.22,8.58009442593111,13.859905574068891,0,50,150
auc,Page-Hinkley,3.375,cambio_varianza,1.0,28.33,24.902551622459715,31.757448377540282,7,200,10.318181818181818,7.491363013400658,13.145000622962979,0,44,156
auc,Page-Hinkley,3.375,cambio_varianza,1.5,28.33,24.902551622459715,31.757448377540282,7,200,10.727272727272727,8.488386304089564,12.966159150455889,0,44,156
auc,Page-Hinkley,3.375,cambio_varianza,2.0,28.33,24.902551622459715,31.757448377540282,7,200,12.243243243243244,8.661240388336415,15.825246098150073,0,37,163
auc,Page-Hinkley,3.375,cambio_varianza,3.0,28.33,24.902551622459715,31.757448377540282,7,200,11.877551020408163,8.402545025209497,15.352557015606829,0,49,151
auc,Page-Hinkley,3.375,deriva,0.5,28.33,24.902551622459715,31.757448377540282,7,200,18.692307692307693,15.06696448357754,22.317650901037847,1,39,161
auc,Page-Hinkley,3.375,deriva,1.0,28.33,24.902551622459715,31.757448377540282,7,200,11.27450980392157,9.31675668965005,13.232262918193088,0,51,149
auc,Page-Hinkley,3.375,deriva,1.5,28.33,24.902551622459715,31.757448377540282,7,200,9.6,7.845373952759003,11.354626047240997,0,45,155
auc,Page-Hinkley,3.375,deriva,2.0,28.33,24.902551622459715,31.757448377540282,7,200,10.07843137254902,8.937750944005813,11.219111801092225,0,51,149
auc,Page-Hinkley,3.375,deriva,3.0,28.33,24.902551622459715,31.757448377540282,7,200,7.480769230769231,6.579315795041034,8.382222666497427,0,52,148
auc,Page-Hinkley,3.375,salto,0.5,28.33,24.902551622459715,31.757448377540282,7,200,11.477272727272727,8.442801228231554,14.5117442263139,0,44,156
auc,Page-Hinkley,3.375,salto,1.0,28.33,24.902551622459715,31.757448377540282,7,200,6.571428571428571,4.410439691036895,8.732417451820247,0,35,165
auc,Page-Hinkley,3.375,salto,1.5,28.33,24.902551622459715,31.757448377540282,7,200,3.8727272727272726,3.16056116367621,4.584893381778335,0,55,145
auc,Page-Hinkley,3.375,salto,2.0,28.33,24.902551622459715,31.757448377540282,7,200,2.411764705882353,2.059535358348492,2.7639940534162135,0,51,149
auc,Page-Hinkley,3.375,salto,3.0,28.33,24.902551622459715,31.757448377540282,7,200,2.024390243902439,1.7381591603448927,2.3106213274599856,0,41,159
auc,Page-Hinkley,5.75,cambio_varianza,0.5,50.06,45.50497657931213,54.615023420687876,33,200,22.099009900990097,18.53448882536457,25.663530976615625,7,101,99
auc,Page-Hinkley,5.75,cambio_varianza,1.0,50.06,45.50497657931213,54.615023420687876,33,200,21.594059405940595,17.980189714481266,25.207929097399923,11,101,99
auc,Page-Hinkley,5.75,cambio_varianza,1.5,50.06,45.50497657931213,54.615023420687876,33,200,20.649484536082475,17.50052970973325,23.7984393624317,4,97,103
auc,Page-Hinkley,5.75,cambio_varianza,2.0,50.06,45.50497657931213,54.615023420687876,33,200,22.905263157894737,19.167953388190252,26.642572927599222,9,95,105
auc,Page-Hinkley,5.75,cambio_varianza,3.0,50.06,45.50497657931213,54.615023420687876,33,200,22.36,18.81964569392762,25.90035430607238,7,100,100
auc,Page-Hinkley,5.75,deriva,0.5,50.06,45.50497657931213,54.615023420687876,33,200,25.304761904761904,22.218341866987938,28.39118194253587,4,105,95
auc,Page-Hinkley,5.75,deriva,1.0,50.06,45.50497657931213,54.615023420687876,33,200,17.848214285714285,16.207793570204426,19.488635001224143,0,112,88
auc,Page-Hinkley,5.75,deriva,1.5,50.06,45.50497657931213,54.615023420687876,33,200,12.883495145631068,11.59354835296498,14.173441938297156,0,103,97
auc,Page-Hinkley,5.75,deriva,2.0,50.06,45.50497657931213,54.615023420687876,33,200,12.614035087719298,11.766096090431459,13.461974085007137,0,114,86
auc,Page-Hinkley,5.75,deriva,3.0,50.06,45.50497657931213,54.615023420687876,33,200,9.892857142857142,9.181255092918079,10.604459192796206,0,112,88
auc,Page-Hinkley,5.75,salto,0.5,50.06,45.50497657931213,54.615023420687876,33,200,17.49019607843137,14.887097765878416,20.093294390984326,2,102,98
auc,Page-Hinkley,5.75,salto,1.0,50.06,45.50497657931213,54.615023420687876,33,200,8.515463917525773,7.117645258732869,9.913282576318677,0,97,103
auc,Page-Hinkley,5.75,salto,1.5,50.06,45.50497657931213,54.615023420687876,33,200,5.654545454545454,4.95924456629977,6.349846342791139,0,110,90
auc,Page-Hinkley,5.75,salto,2.0,50.06,45.50497657931213,54.615023420687876,33,200,3.9545454545454546,3.46934299479623,4.43974791429468,0,110,90
auc,Page-Hinkley,5.75,salto,3.0,50.06,45.50497657931213,54.615023420687876,33,200,2.650485436893204,2.4136346731396907,2.8873362006467174,0,103,97
auc,Page-Hinkley,8.125,cambio_varianza,0.5,70.695,66.16461221048164,75.22538778951835,84,200,31.028985507246375,27.418651249051937,34.63931976544082,34,138,62
auc,Page-Hinkley,8.125,cambio_varianza,1.0,70.695,66.16461221048164,75.22538778951835,84,200,30.992805755395683,27.480527757489828,34.505083753301534,33,139,61
auc,Page-Hinkley,8.125,cambio_varianza,1.5,70.695,66.16461221048164,75.22538778951835,84,200,31.33974358974359,28.244789981023317,34.434697198463866,29,156,44
auc,Page-Hinkley,8.125,cambio_varianza,2.0,70.695,66.16461221048164,75.22538778951835,84,200,29.136986301369863,25.7523043005053,32.521668302234424,28,146,54
auc,Page-Hinkley,8.125,cambio_varianza,3.0,70.695,66.16461221048164,75.22538778951835,84,200,30.91216216216216,27.72509988849908,34.09922443582524,28,148,52
auc,Page-Hinkley,8.125,deriva,0.5,70.695,66.16461221048164,75.22538778951835,84,200,33.26896551724138,30.24607340357342,36.291857630909334,24,145,55
auc,Page-Hinkley,8.125,deriva,1.0,70.695,66.16461221048164,75.22538778951835,84,200,22.376712328767123,20.69450965970052,24.058914997833728,0,146,54
auc,Page-Hinkley,8.125,deriva,1.5,70.695,66.16461221048164,75.22538778951835,84,200,16.643835616438356,15.468894677551168,17.818776555325545,0,146,54
auc,Page-Hinkley,8.125,deriva,2.0,70.695,66.16461221048164,75.22538778951835,84,200,14.89261744966443,14.078748959970937,15.706485939357922,0,149,51
auc,Page-Hinkley,8.125,deriva,3.0,70.695,66.16461221048164,75.22538778951835,84,200,11.627586206896552,10.954297312148745,12.30087510164436,0,145,55
auc,Page-Hinkley,8.125,salto,0.5,70.695,66.16461221048164,75.22538778951835,84,200,23.78723404255319,21.19009992772936,26.384368157377022,6,141,59
auc,Page-Hinkley,8.125,salto,1.0,70.695,66.16461221048164,75.22538778951835,84,200,12.442857142857143,10.911922938010852,13.973791347703434,0,140,60
auc,Page-Hinkley,8.125,salto,1.5,70.695,66.16461221048164,75.22538778951835,84,200,7.48936170212766,6.740551477385478,8.23817192686984,0,141,59
auc,Page-Hinkley,8.125,salto,2.0,70.695,66.16461221048164,75.22538778951835,84,200,5.263513513513513,4.725591500090603,5.801435526936423,0,148,52
auc,Page-Hinkley,8.125,salto,3.0,70.695,66.16461221048164,75.22538778951835,84,200,3.436241610738255,3.199898015186434,3.672585206290076,0,149,51
auc,Page-Hinkley,15.25,cambio_varianza,0.5,94.075,91.86209101273242,96.28790898726758,167,200,48.4559585492228,45.951059847555335,50.960857250890264,123,193,7
auc,Page-Hinkley,15.25,cambio_varianza,1.0,94.075,91.86209101273242,96.28790898726758,167,200,48.72631578947368,46.19238046128143,51.26025111766593,121,190,10
auc,Page-Hinkley,15.25,cambio_varianza,1.5,94.075,91.86209101273242,96.28790898726758,167,200,51.38578680203046,49.19072759237185,53.58084601168907,132,197,3
auc,Page-Hinkley,15.25,cambio_varianza,2.0,94.075,91.86209101273242,96.28790898726758,167,200,48.625,45.99722915291652,51.25277084708348,129,192,8
auc,Page-Hinkley,15.25,cambio_varianza,3.0,94.075,91.86209101273242,96.28790898726758,167,200,49.911458333333336,47.46810555113591,52.35481111553076,126,192,8
auc,Page-Hinkley,15.25,deriva,0.5,94.075,91.86209101273242,96.28790898726758,167,200,45.712041884816756,43.41009286992212,48.013990899711395,88,191,9
auc,Page-Hinkley,15.25,deriva,1.0,94.075,91.86209101273242,96.28790898726758,167,200,33.284974093264246,31.48801914220985,35.08192904431864,8,193,7
auc,Page-Hinkley,15.25,deriva,1.5,94.075,91.86209101273242,96.28790898726758,167,200,24.3125,23.175110892772796,25.449889107227204,0,192,8
auc,Page-Hinkley,15.25,deriva,2.0,94.075,91.86209101273242,96.28790898726758,167,200,19.76923076923077,18.95737134181448,20.58109019664706,0,195,5
auc,Page-Hinkley,15.25,deriva,3.0,94.075,91.86209101273242,96.28790898726758,167,200,15.647368421052631,15.049850703665467,16.244886138439796,0,190,10
auc,Page-Hinkley,15.25,salto,0.5,94.075,91.86209101273242,96.28790898726758,167,200,38.825641025641026,36.21797276013985,41.4333092911422,54,195,5
auc,Page-Hinkley,15.25,salto,1.0,94.075,91.86209101273242,96.28790898726758,167,200,20.375661375661377,18.760054034047908,21.991268717274846,1,189,11
auc,Page-Hinkley,15.25,salto,1.5,94.075,91.86209101273242,96.28790898726758,167,200,12.875647668393782,11.88444468857383,13.866850648213735,0,193,7
auc,Page-Hinkley,15.25,salto,2.0,94.075,91.86209101273242,96.28790898726758,167,200,9.196891191709845,8.594308020293903,9.799474363125787,0,193,7
auc,Page-Hinkley,15.25,salto,3.0,94.075,91.86209101273242,96.28790898726758,167,200,6.035897435897436,5.723546502912934,6.348248368881937,0,195,5
auc,3-sigma,,cambio_varianza,0.5,95.395,93.01408562140698,97.77591437859301,184,200,19.221052631578946,16.73556266865377,21.70654259450412,17,190,10
auc,3-sigma,,cambio_varianza,1.0,95.395,93.01408562140698,97.77591437859301,184,200,17.57591623036649,15.241284754417084,19.9105477063159,13,191,9
auc,3-sigma,,cambio_varianza,1.5,95.395,93.01408562140698,97.77591437859301,184,200,18.052910052910054,15.84195370313277,20.263866402687338,6,189,11
auc,3-sigma,,cambio_varianza,2.0,95.395,93.01408562140698,97.77591437859301,184,200,16.09375,14.078767849276177,18.108732150723824,6,192,8
auc,3-sigma,,cambio_varianza,3.0,95.395,93.01408562140698,97.77591437859301,184,200,20.10994764397906,17.522399979990478,22.69749530796764,13,191,9
auc,3-sigma,,deriva,0.5,95.395,93.01408562140698,97.77591437859301,184,200,53.890625,51.90274494531129,55.87850505468871,150,192,8
auc,3-sigma,,deriva,1.0,95.395,93.01408562140698,97.77591437859301,184,200,50.736040609137056,48.634068882389805,52.83801233588431,117,197,3
auc,3-sigma,,deriva,1.5,95.395,93.01408562140698,97.77591437859301,184,200,36.257894736842104,33.75944768306708,38.75634179061713,40,190,10
auc,3-sigma,,deriva,2.0,95.395,93.01408562140698,97.77591437859301,184,200,26.533333333333335,24.76662302768624,28.30004363898043,8,195,5
auc,3-sigma,,deriva,3.0,95.395,93.01408562140698,97.77591437859301,184,200,17.322916666666668,16.48165146652946,18.164181866803876,0,192,8
auc,3-sigma,,salto,0.5,95.395,93.01408562140698,97.77591437859301,184,200,53.40837696335078,51.37671635787786,55.440037568823705,146,191,9
auc,3-sigma,,salto,1.0,95.395,93.01408562140698,97.77591437859301,184,200,41.149484536082475,38.130350097269314,44.16861897489564,87,194,6
auc,3-sigma,,salto,1.5,95.395,93.01408562140698,97.77591437859301,184,200,24.552083333333332,21.76850587479595,27.335660791870716,25,192,8
auc,3-sigma,,salto,2.0,95.395,93.01408562140698,97.77591437859301,184,200,13.592783505154639,11.81629886409226,15.369268146217017,2,194,6
auc,3-sigma,,salto,3.0,95.395,93.01408562140698,97.77591437859301,184,200,4.0932642487046635,3.428995223461717,4.75753327394761,0,193,7
psi,CUSUM,1.7421875,cambio_varianza,0.5,20.79,18.06061616333664,23.51938383666336,4,200,2.7,2.112,3.2880000000000003,0,30,170
psi,CUSUM,1.7421875,cambio_varianza,1.0,20.79,18.06061616333664,23.51938383666336,4,200,2.088235294117647,1.6553295275272781,2.5211410607080165,0,34,166
psi,CUSUM,1.7421875,cambio_varianza,1.5,20.79,18.06061616333664,23.51938383666336,4,200,1.6285714285714286,1.4146819573898088,1.8424608997530483,0,35,165
psi,CUSUM,1.7421875,cambio_varianza,2.0,20.79,18.06061616333664,23.51938383666336,4,200,1.3243243243243243,1.1535829007775005,1.4950657478711482,0,37,163
psi,CUSUM,1.7421875,cambio_varianza,3.0,20.79,18.06061616333664,23.51938383666336,4,200,1.0555555555555556,0.9466666666666667,1.1644444444444444,0,18,182
psi,CUSUM,1.7421875,deriva,0.5,20.79,18.06061616333664,23.51938383666336,4,200,8.392857142857142,6.208852157107847,10.576862128606438,0,28,172
psi,CUSUM,1.7421875,deriva,1.0,20.79,18.06061616333664,23.51938383666336,4,200,3.8484848484848486,2.8316075275819,4.865362169387797,0,33,167
psi,CUSUM,1.7421875,deriva,1.5,20.79,18.06061616333664,23.51938383666336,4,200,2.739130434782609,2.0289338622204887,3.449327007344729,0,23,177
psi,CUSUM,1.7421875,deriva,2.0,20.79,18.06061616333664,23.51938383666336,4,200,1.7142857142857142,1.4502991826427365,1.9782722459286919,0,28,172
psi,CUSUM,1.7421875,deriva,3.0,20.79,18.06061616333664,23.51938383666336,4,200,1.3076923076923077,1.1267692307692307,1.4886153846153847,0,26,174
psi,CUSUM,1.7421875,salto,0.5,20.79,18.06061616333664,23.51938383666336,4,200,9.40625,6.725500009024918,12.086999990975082,0,32,168
psi,CUSUM,1.7421875,salto,1.0,20.79,18.06061616333664,23.51938383666336,4,200,4.096774193548387,3.2820031017592504,4.911545285337524,0,31,169
psi,CUSUM,1.7421875,salto,1.5,20.79,18.06061616333664,23.51938383666336,4,200,2.3055555555555554,2.015266215009665,2.5958448961014455,0,36,164
psi,CUSUM,1.7421875,salto,2.0,20.79,18.06061616333664,23.51938383666336,4,200,1.6551724137931034,1.3927896615395632,1.9175551660466437,0,29,171
psi,CUSUM,1.7421875,salto,3.0,20.79,18.06061616333664,23.51938383666336,4,200,1.1428571428571428,1.010863877035654,1.2748504086786316,0,28,172
psi,CUSUM,2.1875,cambio_varianza,0.5,28.635,25.11941060729635,32.15058939270366,8,200,3.309090909090909,2.720601163040904,3.897580655140914,0,55,145
psi,CUSUM,2.1875,cambio_varianza,1.0,28.635,25.11941060729635,32.15058939270366,8,200,2.55,2.2000506251302174,2.899949374869782,0,60,140
psi,CUSUM,2.1875,cambio_varianza,1.5,28.635,25.11941060729635,32.15058939270366,8,200,1.8169014084507042,1.6441258012764344,1.9896770156249741,0,71,129
psi,CUSUM,2.1875,cambio_varianza,2.0,28.635,25.11941060729635,32.15058939270366,8,200,1.5454545454545454,1.3805607494056384,1.7103483415034524,0,66,134
psi,CUSUM,2.1875,cambio_varianza,3.0,28.635,25.11941060729635,32.15058939270366,8,200,1.0975609756097562,1.0056064566807907,1.1895154945387216,0,41,159
psi,CUSUM,2.1875,deriva,0.5,28.635,25.11941060729635,32.15058939270366,8,200,11.275862068965518,8.161385247431362,14.390338890499674,2,58,142
psi,CUSUM,2.1875,deriva,1.0,28.635,25.11941060729635,32.15058939270366,8,200,4.961538461538462,4.106541442143804,5.816535480933119,0,78,122
psi,CUSUM,2.1875,deriva,1.5,28.635,25.11941060729635,32.15058939270366,8,200,2.816666666666667,2.454325887944936,3.1790074453883976,0,60,140
psi,CUSUM,2.1875,deriva,2.0,28.635,25.11941060729635,32.15058939270366,8,200,2.019230769230769,1.7583576246943529,2.2801039137671855,0,52,148
psi,CUSUM,2.1875,deriva,3.0,28.635,25.11941060729635,32.15058939270366,8,200,1.3620689655172413,1.237301555650456,1.4868363753840266,0,58,142
psi,CUSUM,2.1875,salto,0.5,28.635,25.11941060729635,32.15058939270366,8,200,12.523809523809524,10.133015951204387,14.91460309641466,0,63,137
psi,CUSUM,2.1875,salto,1.0,28.635,25.11941060729635,32.15058939270366,8,200,4.909090909090909,4.017522129760505,5.800659688421313,0,55,145
psi,CUSUM,2.1875,salto,1.5,28.635,25.11941060729635,32.15058939270366,8,200,3.0,2.673037036976124,3.326962963023876,0,58,142
psi,CUSUM,2.1875,salto,2.0,28.635,25.11941060729635,32.15058939270366,8,200,1.896551724137931,1.6937931034482758,2.099310344827586,0,58,142
psi,CUSUM,2.1875,salto,3.0,28.635,25.11941060729635,32.15058939270366,8,200,1.3333333333333333,1.2064186473186507,1.4602480193480158,0,54,146
psi,CUSUM,2.78125,cambio_varianza,0.5,46.33,41.689731396528664,50.97026860347133,32,200,4.168421052631579,3.6342417416541677,4.7026003636089895,0,95,105
psi,CUSUM,2.78125,cambio_varianza,1.0,46.33,41.689731396528664,50.97026860347133,32,200,2.6956521739130435,2.4234456728240144,2.9678586750020726,0,92,108
psi,CUSUM,2.78125,cambio_varianza,1.5,46.33,41.689731396528664,50.97026860347133,32,200,2.1401869158878504,1.9706134394297634,2.3097603923459373,0,107,93
psi,CUSUM,2.78125,cambio_varianza,2.0,46.33,41.689731396528664,50.97026860347133,32,200,1.7358490566037736,1.611771197745959,1.8599269154615883,0,106,94
psi,CUSUM,2.78125,cambio_varianza,3.0,46.33,41.689731396528664,50.97026860347133,32,200,1.2375,1.14365864788331,1.3313413521166901,0,80,120
psi,CUSUM,2.78125,deriva,0.5,46.33,41.689731396528664,50.97026860347133,32,200,14.072916666666666,11.659423766194685,16.486409567138647,3,96,104
psi,CUSUM,2.78125,deriva,1.0,46.33,41.689731396528664,50.97026860347133,32,200,6.0285714285714285,5.232611372879932,6.824531484262925,0,105,95
psi,CUSUM,2.78125,deriva,1.5,46.33,41.689731396528664,50.97026860347133,32,200,3.47,3.1422008720529777,3.7977991279470227,0,100,100
psi,CUSUM,2.78125,deriva,2.0,46.33,41.689731396528664,50.97026860347133,32,200,2.4318181818181817,2.2151116798645467,2.6485246837718166,0,88,112
psi,CUSUM,2.78125,deriva,3.0,46.33,41.689731396528664,50.97026860347133,32,200,1.6,1.4885670922514678,1.7114329077485324,0,100,100
psi,CUSUM,2.78125,salto,0.5,46.33,41.689731396528664,50.97026860347133,32,200,13.844660194174757,11.6143619829597,16.074958405389815,0,103,97
psi,CUSUM,2.78125,salto,1.0,46.33,41.689731396528664,50.97026860347133,32,200,6.209302325581396,5.3948473665144885,7.023757284648303,0,86,114
psi,CUSUM,2.78125,salto,1.5,46.33,41.689731396528664,50.97026860347133,32,200,3.3425925925925926,3.058767632310421,3.626417552874764,0,108,92
psi,CUSUM,2.78125,salto,2.0,46.33,41.689731396528664,50.97026860347133,32,200,2.1914893617021276,2.012931518764655,2.3700472046396004,0,94,106
psi,CUSUM,2.78125,salto,3.0,46.33,41.689731396528664,50.97026860347133,32,200,1.5918367346938775,1.486084641784852,1.6975888276029032,0,98,102
psi,CUSUM,3.671875,cambio_varianza,0.5,65.94,61.03634453537171,70.84365546462828,83,200,4.915492957746479,4.404483240985437,5.426502674507521,0,142,58
psi,CUSUM,3.671875,cambio_varianza,1.0,65.94,61.03634453537171,70.84365546462828,83,200,3.213235294117647,2.943077164080971,3.483393424154323,0,136,64
psi,CUSUM,3.671875,cambio_varianza,1.5,65.94,61.03634453537171,70.84365546462828,83,200,2.5723684210526314,2.4101584573203616,2.7345783847849012,0,152,48
psi,CUSUM,3.671875,cambio_varianza,2.0,65.94,61.03634453537171,70.84365546462828,83,200,1.9865771812080537,1.8627810246362713,2.110373337779836,0,149,51
psi,CUSUM,3.671875,cambio_varianza,3.0,65.94,61.03634453537171,70.84365546462828,83,200,1.4776119402985075,1.3902181032350163,1.5650057773619988,0,134,66
psi,CUSUM,3.671875,deriva,0.5,65.94,61.03634453537171,70.84365546462828,83,200,21.25,18.57270558111264,23.92729441888736,11,148,52
psi,CUSUM,3.671875,deriva,1.0,65.94,61.03634453537171,70.84365546462828,83,200,7.673202614379085,6.907461531162275,8.438943697595896,0,153,47
psi,CUSUM,3.671875,deriva,1.5,65.94,61.03634453537171,70.84365546462828,83,200,4.035211267605634,3.7154733006790464,4.354949234532222,0,142,58
psi,CUSUM,3.671875,deriva,2.0,65.94,61.03634453537171,70.84365546462828,83,200,2.842857142857143,2.6499316157934447,3.0357826699208412,0,140,60
psi,CUSUM,3.671875,deriva,3.0,65.94,61.03634453537171,70.84365546462828,83,200,1.9090909090909092,1.7975030819625042,2.020678736219314,0,143,57
psi,CUSUM,3.671875,salto,0.5,65.94,61.03634453537171,70.84365546462828,83,200,20.59285714285714,17.972047124736953,23.21366716097733,6,140,60
psi,CUSUM,3.671875,salto,1.0,65.94,61.03634453537171,70.84365546462828,83,200,7.481751824817518,6.699715601898828,8.263788047736208,0,137,63
psi,CUSUM,3.671875,salto,1.5,65.94,61.03634453537171,70.84365546462828,83,200,4.195804195804196,3.902566919677386,4.489041471931006,0,143,57
psi,CUSUM,3.671875,salto,2.0,65.94,61.03634453537171,70.84365546462828,83,200,2.801418439716312,2.618228699387542,2.9846081800450825,0,141,59
psi,CUSUM,3.671875,salto,3.0,65.94,61.03634453537171,70.84365546462828,83,200,1.9047619047619047,1.7933858650485883,2.0161379444752208,0,126,74
psi,CUSUM,5.75,cambio_varianza,0.5,94.68,92.2054209878777,97.15457901212231,176,200,7.4361702127659575,6.87011908602685,8.002221339505065,0,188,12
psi,CUSUM,5.75,cambio_varianza,1.0,94.68,92.2054209878777,97.15457901212231,176,200,4.56043956043956,4.267305514764448,4.853573606114672,0,182,18
psi,CUSUM,5.75,cambio_varianza,1.5,94.68,92.2054209878777,97.15457901212231,176,200,3.6632124352331608,3.489490573195183,3.8369342972711387,0,193,7
psi,CUSUM,5.75,cambio_varianza,2.0,94.68,92.2054209878777,97.15457901212231,176,200,2.8983957219251337,2.7700819650963178,3.0267094787539497,0,187,13
psi,CUSUM,5.75,cambio_varianza,3.0,94.68,92.2054209878777,97.15457901212231,176,200,2.0489130434782608,1.955453864656014,2.1423722223005073,0,184,16
psi,CUSUM,5.75,deriva,0.5,94.68,92.2054209878777,97.15457901212231,176,200,35.22222222222222,32.332038369888785,38.11240607455566,54,189,11
psi,CUSUM,5.75,deriva,1.0,94.68,92.2054209878777,97.15457901212231,176,200,11.839378238341968,10.818344994830849,12.860411481853088,0,193,7
psi,CUSUM,5.75,deriva,1.5,94.68,92.2054209878777,97.15457901212231,176,200,5.967741935483871,5.582723856955287,6.352760014012455,0,186,14
psi,CUSUM,5.75,deriva,2.0,94.68,92.2054209878777,97.15457901212231,176,200,4.164893617021277,3.9682456574889318,4.361541576553622,0,188,12
psi,CUSUM,5.75,deriva,3.0,94.68,92.2054209878777,97.15457901212231,176,200,2.7180851063829787,2.6064450128639187,2.8297251999020387,0,188,12
psi,CUSUM,5.75,salto,0.5,94.68,92.2054209878777,97.15457901212231,176,200,34.850267379679146,32.084595693069126,37.615939066289165,47,187,13
psi,CUSUM,5.75,salto,1.0,94.68,92.2054209878777,97.15457901212231,176,200,11.532608695652174,10.687520579296079,12.377696812008269,0,184,16
psi,CUSUM,5.75,salto,1.5,94.68,92.2054209878777,97.15457901212231,176,200,6.356756756756757,5.981096574303534,6.73241693920998,0,185,15
psi,CUSUM,5.75,salto,2.0,94.68,92.2054209878777,97.15457901212231,176,200,4.159574468085107,3.9659153008052863,4.353233635364927,0,188,12
psi,CUSUM,5.75,salto,3.0,94.68,92.2054209878777,97.15457901212231,176,200,2.6408839779005526,2.5251183846314373,2.756649571169668,0,181,19
psi,Page-Hinkley,2.3359375,cambio_varianza,0.5,19.535,17.05550657017553,22.01449342982447,0,200,2.6666666666666665,2.154149833505546,3.1791834998277873,0,27,173
psi,Page-Hinkley,2.3359375,cambio_varianza,1.0,19.535,17.05550657017553,22.01449342982447,0,200,2.225806451612903,1.8542595638087183,2.597353339417088,0,31,169
psi,Page-Hinkley,2.3359375,cambio_varianza,1.5,19.535,17.05550657017553,22.01449342982447,0,200,1.7142857142857142,1.5246234758040325,1.903947952767396,0,35,165
psi,Page-Hinkley,2.3359375,cambio_varianza,2.0,19.535,17.05550657017553,22.01449342982447,0,200,1.3142857142857143,1.1387676575642074,1.4898037710072212,0,35,165
psi,Page-Hinkley,2.3359375,cambio_varianza,3.0,19.535,17.05550657017553,22.01449342982447,0,200,1.0526315789473684,0.9494736842105262,1.1557894736842105,0,19,181
psi,Page-Hinkley,2.3359375,deriva,0.5,19.535,17.05550657017553,22.01449342982447,0,200,6.857142857142857,4.882383612557819,8.831902101727895,0,28,172
psi,Page-Hinkley,2.3359375,deriva,1.0,19.535,17.05550657017553,22.01449342982447,0,200,4.05,2.98811106863095,5.11188893136905,0,40,160
psi,Page-Hinkley,2.3359375,deriva,1.5,19.535,17.05550657017553,22.01449342982447,0,200,2.1481481481481484,1.6496645554793765,2.6466317408169204,0,27,173
psi,Page-Hinkley,2.3359375,deriva,2.0,19.535,17.05550657017553,22.01449342982447,0,200,1.7916666666666667,1.5563256662578344,2.027007667075499,0,24,176
psi,Page-Hinkley,2.3359375,deriva,3.0,19.535,17.05550657017553,22.01449342982447,0,200,1.3333333333333333,1.1617595943966292,1.5049070722700373,0,30,170
psi,Page-Hinkley,2.3359375,salto,0.5,19.535,17.05550657017553,22.01449342982447,0,200,11.161290322580646,8.244074177322517,14.078506467838775,0,31,169
psi,Page-Hinkley,2.3359375,salto,1.0,19.535,17.05550657017553,22.01449342982447,0,200,3.3125,2.563473884989487,4.061526115010513,0,32,168
psi,Page-Hinkley,2.3359375,salto,1.5,19.535,17.05550657017553,22.01449342982447,0,200,2.2333333333333334,1.912119066271634,2.5545476003950327,0,30,170
psi,Page-Hinkley,2.3359375,salto,2.0,19.535,17.05550657017553,22.01449342982447,0,200,1.5833333333333333,1.2730560691383417,1.8936105975283248,0,24,176
psi,Page-Hinkley,2.3359375,salto,3.0,19.535,17.05550657017553,22.01449342982447,0,200,1.1935483870967742,1.052171185938723,1.3349255882548254,0,31,169
psi,Page-Hinkley,2.85546875,cambio_varianza,0.5,28.03,24.658463596309982,31.40153640369002,5,200,2.9642857142857144,2.564833817079282,3.3637376114921467,0,56,144
psi,Page-Hinkley,2.85546875,cambio_varianza,1.0,28.03,24.658463596309982,31.40153640369002,5,200,2.452830188679245,2.1379471954979645,2.767713181860526,0,53,147
psi,Page-Hinkley,2.85546875,cambio_varianza,1.5,28.03,24.658463596309982,31.40153640369002,5,200,1.8688524590163935,1.6719153460528373,2.0657895719799497,0,61,139
psi,Page-Hinkley,2.85546875,cambio_varianza,2.0,28.03,24.658463596309982,31.40153640369002,5,200,1.53125,1.3740473485875282,1.6884526514124718,0,64,136
psi,Page-Hinkley,2.85546875,cambio_varianza,3.0,28.03,24.658463596309982,31.40153640369002,5,200,1.186046511627907,1.0683558549059453,1.3037371683498689,0,43,157
psi,Page-Hinkley,2.85546875,deriva,0.5,28.03,24.658463596309982,31.40153640369002,5,200,9.033333333333333,7.043132487967112,11.023534178699554,0,60,140
psi,Page-Hinkley,2.85546875,deriva,1.0,28.03,24.658463596309982,31.40153640369002,5,200,4.523076923076923,3.758991462074048,5.2871623840797985,0,65,135
psi,Page-Hinkley,2.85546875,deriva,1.5,28.03,24.658463596309982,31.40153640369002,5,200,2.6491228070175437,2.297071263462071,3.001174350573016,0,57,143
psi,Page-Hinkley,2.85546875,deriva,2.0,28.03,24.658463596309982,31.40153640369002,5,200,2.066666666666667,1.8222117173974361,2.311121615935898,0,45,155
psi,Page-Hinkley,2.85546875,deriva,3.0,28.03,24.658463596309982,31.40153640369002,5,200,1.346938775510204,1.2122787096653762,1.4815988413550318,0,49,151
psi,Page-Hinkley,2.85546875,salto,0.5,28.03,24.658463596309982,31.40153640369002,5,200,10.894736842105264,8.690421004878369,13.099052679332159,0,57,143
psi,Page-Hinkley,2.85546875,salto,1.0,28.03,24.658463596309982,31.40153640369002,5,200,4.0625,3.3233847475643743,4.801615252435626,0,48,152
psi,Page-Hinkley,2.85546875,salto,1.5,28.03,24.658463596309982,31.40153640369002,5,200,2.7454545454545456,2.456756822450311,3.0341522684587803,0,55,145
psi,Page-Hinkley,2.85546875,salto,2.0,28.03,24.658463596309982,31.40153640369002,5,200,1.803921568627451,1.5842231559310225,2.0236199813238795,0,51,149
psi,Page-Hinkley,2.85546875,salto,3.0,28.03,24.658463596309982,31.40153640369002,5,200,1.3773584905660377,1.2354223752467106,1.5192946058853647,0,53,147
psi,Page-Hinkley,3.671875,cambio_varianza,0.5,44.02,39.529785997780436,48.51021400221957,26,200,3.717391304347826,3.2718264707496583,4.1629561379459945,0,92,108
psi,Page-Hinkley,3.671875,cambio_varianza,1.0,44.02,39.529785997780436,48.51021400221957,26,200,2.6222222222222222,2.358372498076804,2.8860719463676405,0,90,110
psi,Page-Hinkley,3.671875,cambio_varianza,1.5,44.02,39.529785997780436,48.51021400221957,26,200,2.12,1.9388572481006858,2.3011427518993144,0,100,100
psi,Page-Hinkley,3.671875,cambio_varianza,2.0,44.02,39.529785997780436,48.51021400221957,26,200,1.891089108910891,1.7562492379348957,2.0259289798868862,0,101,99
psi,Page-Hinkley,3.671875,cambio_varianza,3.0,44.02,39.529785997780436,48.51021400221957,26,200,1.3375,1.2275519253741838,1.447448074625816,0,80,120
psi,Page-Hinkley,3.671875,deriva,0.5,44.02,39.529785997780436,48.51021400221957,26,200,10.387096774193548,8.606162008360046,12.16803154002705,0,93,107
psi,Page-Hinkley,3.671875,deriva,1.0,44.02,39.529785997780436,48.51021400221957,26,200,5.281553398058253,4.623896397202732,5.939210398913773,0,103,97
psi,Page-Hinkley,3.671875,deriva,1.5,44.02,39.529785997780436,48.51021400221957,26,200,3.3877551020408165,3.0807240918201657,3.6947861122614674,0,98,102
psi,Page-Hinkley,3.671875,deriva,2.0,44.02,39.529785997780436,48.51021400221957,26,200,2.3488372093023258,2.144392343749449,2.5532820748552023,0,86,114
psi,Page-Hinkley,3.671875,deriva,3.0,44.02,39.529785997780436,48.51021400221957,26,200,1.7142857142857142,1.5945366889876806,1.8340347395837477,0,91,109
psi,Page-Hinkley,3.671875,salto,0.5,44.02,39.529785997780436,48.51021400221957,26,200,12.071428571428571,10.177863777484097,13.964993365373045,0,98,102
psi,Page-Hinkley,3.671875,salto,1.0,44.02,39.529785997780436,48.51021400221957,26,200,5.2823529411764705,4.6787199263330175,5.8859859560199235,0,85,115
psi,Page-Hinkley,3.671875,salto,1.5,44.02,39.529785997780436,48.51021400221957,26,200,3.126315789473684,2.865205887147653,3.387425691799715,0,95,105
psi,Page-Hinkley,3.671875,salto,2.0,44.02,39.529785997780436,48.51021400221957,26,200,2.21,2.0309797302825823,2.3890202697174177,0,100,100
psi,Page-Hinkley,3.671875,salto,3.0,44.02,39.529785997780436,48.51021400221957,26,200,1.6853932584269662,1.569906441437444,1.8008800754164884,0,89,111
psi,Page-Hinkley,5.15625,cambio_varianza,0.5,67.46,62.79016883789006,72.12983116210994,81,200,5.0272108843537415,4.590416138593337,5.464005630114146,0,147,53
psi,Page-Hinkley,5.15625,cambio_varianza,1.0,67.46,62.79016883789006,72.12983116210994,81,200,3.439189189189189,3.1925674564976183,3.6858109218807598,0,148,52
psi,Page-Hinkley,5.15625,cambio_varianza,1.5,67.46,62.79016883789006,72.12983116210994,81,200,2.727272727272727,2.5664946268358864,2.888050827709568,0,154,46
psi,Page-Hinkley,5.15625,cambio_varianza,2.0,67.46,62.79016883789006,72.12983116210994,81,200,2.220689655172414,2.076540952573927,2.3648383577709007,0,145,55
psi,Page-Hinkley,5.15625,cambio_varianza,3.0,67.46,62.79016883789006,72.12983116210994,81,200,1.6592592592592592,1.5538459981727997,1.7646725203457188,0,135,65
psi,Page-Hinkley,5.15625,deriva,0.5,67.46,62.79016883789006,72.12983116210994,81,200,16.44078947368421,14.485001136949776,18.39657781041864,2,152,48
psi,Page-Hinkley,5.15625,deriva,1.0,67.46,62.79016883789006,72.12983116210994,81,200,6.867549668874172,6.2671543474452225,7.467944990303122,0,151,49
psi,Page-Hinkley,5.15625,deriva,1.5,67.46,62.79016883789006,72.12983116210994,81,200,4.123287671232877,3.8306934236131185,4.4158819188526355,0,146,54
psi,Page-Hinkley,5.15625,deriva,2.0,67.46,62.79016883789006,72.12983116210994,81,200,3.111888111888112,2.92520706211596,3.2985691616602644,0,143,57
psi,Page-Hinkley,5.15625,deriva,3.0,67.46,62.79016883789006,72.12983116210994,81,200,2.119205298013245,2.0028272323889906,2.2355833636374998,0,151,49
psi,Page-Hinkley,5.15625,salto,0.5,67.46,62.79016883789006,72.12983116210994,81,200,16.517482517482517,14.60260991917254,18.432355115792493,1,143,57
psi,Page-Hinkley,5.15625,salto,1.0,67.46,62.79016883789006,72.12983116210994,81,200,6.697841726618705,6.162444789247949,7.233238663989462,0,139,61
psi,Page-Hinkley,5.15625,salto,1.5,67.46,62.79016883789006,72.12983116210994,81,200,4.242857142857143,3.9785989303495697,4.507115355364716,0,140,60
psi,Page-Hinkley,5.15625,salto,2.0,67.46,62.79016883789006,72.12983116210994,81,200,2.9863945578231292,2.809928315002007,3.1628608006442516,0,147,53
psi,Page-Hinkley,5.15625,salto,3.0,67.46,62.79016883789006,72.12983116210994,81,200,2.126865671641791,1.9998508893470253,2.253880453936557,0,134,66
psi,Page-Hinkley,8.125,cambio_varianza,0.5,92.445,89.68218569385286,95.20781430614713,166,200,7.408376963350785,6.926434262054893,7.890319664646678,0,191,9
psi,Page-Hinkley,8.125,cambio_varianza,1.0,92.445,89.68218569385286,95.20781430614713,166,200,4.895604395604396,4.608869383993466,5.182339407215326,0,182,18
psi,Page-Hinkley,8.125,cambio_varianza,1.5,92.445,89.68218569385286,95.20781430614713,166,200,4.031578947368421,3.84147770377642,4.221680190960422,0,190,10
psi,Page-Hinkley,8.125,cambio_varianza,2.0,92.445,89.68218569385286,95.20781430614713,166,200,3.4193548387096775,3.2826924069213406,3.5560172704980144,0,186,14
psi,Page-Hinkley,8.125,cambio_varianza,3.0,92.445,89.68218569385286,95.20781430614713,166,200,2.4473684210526314,2.3355038779530743,2.5592329641521885,0,190,10
psi,Page-Hinkley,8.125,deriva,0.5,92.445,89.68218569385286,95.20781430614713,166,200,25.74331550802139,23.533844260497077,27.952786755545702,15,187,13
psi,Page-Hinkley,8.125,deriva,1.0,92.445,89.68218569385286,95.20781430614713,166,200,10.458333333333334,9.742637645876162,11.174029020790506,0,192,8
psi,Page-Hinkley,8.125,deriva,1.5,92.445,89.68218569385286,95.20781430614713,166,200,6.1947368421052635,5.8663888145363865,6.523084869674141,0,190,10
psi,Page-Hinkley,8.125,deriva,2.0,92.445,89.68218569385286,95.20781430614713,166,200,4.605263157894737,4.394967241083509,4.815559074705965,0,190,10
psi,Page-Hinkley,8.125,deriva,3.0,92.445,89.68218569385286,95.20781430614713,166,200,3.095744680851064,2.971936611200896,3.2195527505012316,0,188,12
psi,Page-Hinkley,8.125,salto,0.5,92.445,89.68218569385286,95.20781430614713,166,200,25.71505376344086,23.547130328645082,27.882977198236638,8,186,14
psi,Page-Hinkley,8.125,salto,1.0,92.445,89.68218569385286,95.20781430614713,166,200,10.28494623655914,9.664159109338145,10.905733363780135,0,186,14
psi,Page-Hinkley,8.125,salto,1.5,92.445,89.68218569385286,95.20781430614713,166,200,6.453551912568306,6.102350848111119,6.804752977025494,0,183,17
psi,Page-Hinkley,8.125,salto,2.0,92.445,89.68218569385286,95.20781430614713,166,200,4.588235294117647,4.391820393341563,4.784650194893731,0,187,13
psi,Page-Hinkley,8.125,salto,3.0,92.445,89.68218569385286,95.20781430614713,166,200,3.0391061452513966,2.899035099132672,3.1791771913701212,0,179,21
psi,3-sigma,,cambio_varianza,0.5,58.215,53.407272210002574,63.02272778999743,55,200,11.146341463414634,9.477460383587733,12.815222543241536,0,123,77
psi,3-sigma,,cambio_varianza,1.0,58.215,53.407272210002574,63.02272778999743,55,200,6.125874125874126,5.196481556304009,7.055266695444242,0,143,57
psi,3-sigma,,cambio_varianza,1.5,58.215,53.407272210002574,63.02272778999743,55,200,4.354166666666667,3.809713893808844,4.89861943952449,0,144,56
psi,3-sigma,,cambio_varianza,2.0,58.215,53.407272210002574,63.02272778999743,55,200,2.706766917293233,2.358100356396602,3.055433478189864,0,133,67
psi,3-sigma,,cambio_varianza,3.0,58.215,53.407272210002574,63.02272778999743,55,200,1.2794117647058822,1.177762176764297,1.3810613526474675,0,136,64
psi,3-sigma,,deriva,0.5,58.215,53.407272210002574,63.02272778999743,55,200,33.0,29.603861784533088,36.39613821546691,34,144,56
psi,3-sigma,,deriva,1.0,58.215,53.407272210002574,63.02272778999743,55,200,21.75657894736842,18.92533519622547,24.587822698511374,11,152,48
psi,3-sigma,,deriva,1.5,58.215,53.407272210002574,63.02272778999743,55,200,12.164179104477611,10.131067325369328,14.197290883585895,1,134,66
psi,3-sigma,,deriva,2.0,58.215,53.407272210002574,63.02272778999743,55,200,6.661417322834645,5.629169058701306,7.693665586967985,0,127,73
psi,3-sigma,,deriva,3.0,58.215,53.407272210002574,63.02272778999743,55,200,2.477272727272727,2.116788654615794,2.83775679992966,0,132,68
psi,3-sigma,,salto,0.5,58.215,53.407272210002574,63.02272778999743,55,200,36.153284671532845,32.675252721434326,39.63131662163136,45,137,63
psi,3-sigma,,salto,1.0,58.215,53.407272210002574,63.02272778999743,55,200,21.596774193548388,18.294174993969506,24.89937339312727,11,124,76
psi,3-sigma,,salto,1.5,58.215,53.407272210002574,63.02272778999743,55,200,11.798561151079136,9.877450107958195,13.719672194200077,2,139,61
psi,3-sigma,,salto,2.0,58.215,53.407272210002574,63.02272778999743,55,200,6.438461538461539,5.343061867871613,7.533861209051464,0,130,70
psi,3-sigma,,salto,3.0,58.215,53.407272210002574,63.02272778999743,55,200,2.455223880597015,2.12132092067696,2.78912684051707,0,134,66
psi,UmbralFijo (PSI>0.25),,cambio_varianza,0.5,100.0,100.0,100.0,200,200,60.0,60.0,60.0,200,200,0
psi,UmbralFijo (PSI>0.25),,cambio_varianza,1.0,100.0,100.0,100.0,200,200,60.0,60.0,60.0,200,200,0
psi,UmbralFijo (PSI>0.25),,cambio_varianza,1.5,100.0,100.0,100.0,200,200,60.0,60.0,60.0,200,200,0
psi,UmbralFijo (PSI>0.25),,cambio_varianza,2.0,100.0,100.0,100.0,200,200,60.0,60.0,60.0,200,200,0
psi,UmbralFijo (PSI>0.25),,cambio_varianza,3.0,100.0,100.0,100.0,200,200,60.0,60.0,60.0,200,200,0
psi,UmbralFijo (PSI>0.25),,deriva,0.5,100.0,100.0,100.0,200,200,60.0,60.0,60.0,200,200,0
psi,UmbralFijo (PSI>0.25),,deriva,1.0,100.0,100.0,100.0,200,200,60.0,60.0,60.0,200,200,0
psi,UmbralFijo (PSI>0.25),,deriva,1.5,100.0,100.0,100.0,200,200,60.0,60.0,60.0,200,200,0
psi,UmbralFijo (PSI>0.25),,deriva,2.0,100.0,100.0,100.0,200,200,60.0,60.0,60.0,200,200,0
psi,UmbralFijo (PSI>0.25),,deriva,3.0,100.0,100.0,100.0,200,200,60.0,60.0,60.0,200,200,0
psi,UmbralFijo (PSI>0.25),,salto,0.5,100.0,100.0,100.0,200,200,60.0,60.0,60.0,200,200,0
psi,UmbralFijo (PSI>0.25),,salto,1.0,100.0,100.0,100.0,200,200,60.0,60.0,60.0,200,200,0
psi,UmbralFijo (PSI>0.25),,salto,1.5,100.0,100.0,100.0,200,200,60.0,60.0,60.0,200,200,0
psi,UmbralFijo (PSI>0.25),,salto,2.0,100.0,100.0,100.0,200,200,60.0,60.0,60.0,200,200,0
psi,UmbralFijo (PSI>0.25),,salto,3.0,100.0,100.0,100.0,200,200,60.0,60.0,60.0,200,200,0
