mes_objetivo,fecha_prediccion,probabilidad_sube,posicion,objetivo,fin_entrenamiento,n_entrenamiento,acierto,config_hash,commit,hash_datos,generado_en
1974-07-31,1974-06-30,0.7619353390153515,1,1.0,1974-05-31,120,True,c1c7ebb7a0ce,f40c3d3,bdce90482268,2026-09-22T11:25:40+00:00
1974-08-31,1974-07-31,0.8901656503036489,1,1.0,1974-05-31,120,True,c1c7ebb7a0ce,f40c3d3,bdce90482268,2026-09-22T11:25:40+00:00
1974-09-30,1974-08-31,0.8527950127904786,1,1.0,1974-05-31,120,True,c1c7ebb7a0ce,f40c3d3,bdce90482268,2026-09-22T11:25:40+00:00
1974-10-31,1974-09-30,0.9139159808245445,1,0.0,1974-05-31,120,False,c1c7ebb7a0ce,f40c3d3,bdce90482268,2026-09-22T11:25:40+00:00
1974-11-30,1974-10-31,0.3450867898526236,-1,0.0,1974-05-31,120,True,c1c7ebb7a0ce,f40c3d3,bdce90482268,2026-09-22T11:25:40+00:00
1974-12-31,1974-11-30,0.5626975561166233,1,1.0,1974-05-31,120,True,c1c7ebb7a0ce,f40c3d3,bdce90482268,2026-09-22T11:25:40+00:00
1975-01-31,1974-12-31,0.6701733096393975,1,1.0,1974-11-30,126,True,c1c7ebb7a0ce,f40c3d3,bdce90482268,2026-09-22T11:25:40+00:00
1975-02-28,1975-01-31,0.8560419830025321,1,0.0,1974-11-30,126,False,c1c7ebb7a0ce,f40c3d3,bdce90482268,2026-09-22T11:25:40+00:00
1975-03-31,1975-02-28,0.4493981432607741,-1,1.0,1974-11-30,126,False,c1c7ebb7a0ce,f40c3d3,bdce90482268,2026-09-22T11:25:40+00:00
1975-04-30,1975-03-31,0.7052116182194397,1,0.0,1974-11-30,126,False,c1c7ebb7a0ce,f40c3d3,bdce90482268,2026-09-22T11:25:40+00:00
1975-05-31,1975-04-30,0.5464565051806066,1,0.0,1974-11-30,126,False,c1c7ebb7a0ce,f40c3d3,bdce90482268,2026-09-22T11:25:40+00:00
1975-06-30,1975-05-31,0.3531310340570634,-1,1.0,1974-11-30,126,False,c1c7ebb7a0ce,f40c3d3,bdce90482268,2026-09-22T11:25:40+00:00
1975-07-31,1975-06-30,0.5378741083183509,1,1.0,1974-11-30,126,True,c1c7ebb7a0ce,f40c3d3,bdce90482268,2026-09-22T11:25:40+00:00
1975-08-31,1975-07-31,0.5525850045982761,1,0.0,1974-11-30,126,False,c1c7ebb7a0ce,f40c3d3,bdce90482268,2026-09-22T11:25:40+00:00
1975-09-30,1975-08-31,0.32802613864088825,-1,1.0,1974-11-30,126,False,c1c7ebb7a0ce,f40c3d3,bdce90482268,2026-09-22T11:25:40+00:00
1975-10-31,1975-09-30,0.2698198762042959,-1,1.0,1974-11-30,126,False,c1c7ebb7a0ce,f40c3d3,bdce90482268,2026-09-22T11:25:40+00:00
1975-11-30,1975-10-31,0.35589301078379415,-1,1.0,1974-11-30,126,False,c1c7ebb7a0ce,f40c3d3,bdce90482268,2026-09-22T11:25:40+00:00
1975-12-31,1975-11-30,0.37961771354701035,-1,1.0,1974-11-30,126,False,c1c7ebb7a0ce,f40c3d3,bdce90482268,2026-09-22T11:25:40+00:00
1976-01-31,1975-12-31,0.5596552637437293,1,1.0,1975-11-30,138,True,c1c7ebb7a0ce,f40c3d3,bdce90482268,2026-09-22T11:25:40+00:00
1976-02-29,1976-01-31,0.7021942141877183,1,1.0,1975-11-30,138,True,c1c7ebb7a0ce,f40c3d3,bdce90482268,2026-09-22T11:25:40+00:00
1976-03-31,1976-02-29,0.6964554326080241,1,0.0,1975-11-30,138,False,c1c7ebb7a0ce,f40c3d3,bdce90482268,2026-09-22T11:25:40+00:00
1976-04-30,1976-03-31,0.5677572072894743,1,0.0,1975-11-30,138,False,c1c7ebb7a0ce,f40c3d3,bdce90482268,2026-09-22T11:25:40+00:00
1976-05-31,1976-04-30,0.6041642125575987,1,0.0,1975-11-30,138,False,c1c7ebb7a0ce,f40c3d3,bdce90482268,2026-09-22T11:25:40+00:00
1976-06-30,1976-05-31,0.6140956354494436,1,1.0,1975-11-30,138,True,c1c7ebb7a0ce,f40c3d3,bdce90482268,2026-09-22T11:25:40+00:00
1976-07-31,1976-06-30,0.660025898052229,1,1.0,1975-11-30,138,True,c1c7ebb7a0ce,f40c3d3,bdce90482268,2026-09-22T11:25:40+00:00
1976-08-31,1976-07-31,0.6688839283399319,1,1.0,1975-11-30,138,True,c1c7ebb7a0ce,f40c3d3,bdce90482268,2026-09-22T11:25:40+00:00
1976-09-30,1976-08-31,0.6456011860881148,1,0.0,1975-11-30,138,False,c1c7ebb7a0ce,f40c3d3,bdce90482268,2026-09-22T11:25:40+00:00
1976-10-31,1976-09-30,0.5956020024389724,1,0.0,1975-11-30,138,False,c1c7ebb7a0ce,f40c3d3,bdce90482268,2026-09-22T11:25:40+00:00
1976-11-30,1976-10-31,0.6155812606507376,1,1.0,1975-11-30,138,True,c1c7ebb7a0ce,f40c3d3,bdce90482268,2026-09-22T11:25:40+00:00
1976-12-31,1976-11-30,0.656669420627978,1,1.0,1975-11-30,138,True,c1c7ebb7a0ce,f40c3d3,bdce90482268,2026-09-22T11:25:40+00:00
1977-01-31,1976-12-31,0.6308436408308734,1,1.0,1976-11-30,150,True,c1c7ebb7a0ce,f40c3d3,bdce90482268,2026-09-22T11:25:40+00:00
1977-02-28,1977-01-31,0.7330445966137105,1,1.0,1976-11-30,150,True,c1c7ebb7a0ce,f40c3d3,bdce90482268,2026-09-22T11:25:40+00:00
1977-03-31,1977-02-28,0.6312429067325379,1,1.0,1976-11-30,150,True,c1c7ebb7a0ce,f40c3d3,bdce90482268,2026-09-22T11:25:40+00:00
1977-04-30,1977-03-31,0.6799148994589888,1,1.0,1976-11-30,150,True,c1c7ebb7a0ce,f40c3d3,bdce90482268,2026-09-22T11:25:40+00:00
1977-05-31,1977-04-30,0.7507125605611017,1,1.0,1976-11-30,150,True,c1c7ebb7a0ce,f40c3d3,bdce90482268,2026-09-22T11:25:40+00:00
1977-06-30,1977-05-31,0.6785244797696997,1,0.0,1976-11-30,150,False,c1c7ebb7a0ce,f40c3d3,bdce90482268,2026-09-22T11:25:40+00:00
1977-07-31,1977-06-30,0.6437083709966877,1,0.0,1976-11-30,150,False,c1c7ebb7a0ce,f40c3d3,bdce90482268,2026-09-22T11:25:40+00:00
1977-08-31,1977-07-31,0.6775771771995178,1,0.0,1976-11-30,150,False,c1c7ebb7a0ce,f40c3d3,bdce90482268,2026-09-22T11:25:40+00:00
1977-09-30,1977-08-31,0.6330860591843804,1,0.0,1976-11-30,150,False,c1c7ebb7a0ce,f40c3d3,bdce90482268,2026-09-22T11:25:40+00:00
1977-10-31,1977-09-30,0.7170282124717177,1,1.0,1976-11-30,150,True,c1c7ebb7a0ce,f40c3d3,bdce90482268,2026-09-22T11:25:40+00:00
1977-11-30,1977-10-31,0.7622415813768707,1,1.0,1976-11-30,150,True,c1c7ebb7a0ce,f40c3d3,bdce90482268,2026-09-22T11:25:40+00:00
1977-12-31,1977-11-30,0.6753716281554596,1,0.0,1976-11-30,150,False,c1c7ebb7a0ce,f40c3d3,bdce90482268,2026-09-22T11:25:40+00:00
1978-01-31,1977-12-31,0.6182550831777947,1,1.0,1977-11-30,162,True,c1c7ebb7a0ce,f40c3d3,bdce90482268,2026-09-22T11:25:40+00:00
1978-02-28,1978-01-31,0.7531271857937913,1,1.0,1977-11-30,162,True,c1c7ebb7a0ce,f40c3d3,bdce90482268,2026-09-22T11:25:40+00:00
1978-03-31,1978-02-28,0.6542732184650847,1,1.0,1977-11-30,162,True,c1c7ebb7a0ce,f40c3d3,bdce90482268,2026-09-22T11:25:40+00:00
1978-04-30,1978-03-31,0.6396981219965677,1,0.0,1977-11-30,162,False,c1c7ebb7a0ce,f40c3d3,bdce90482268,2026-09-22T11:25:40+00:00
1978-05-31,1978-04-30,0.4874062799120417,-1,0.0,1977-11-30,162,True,c1c7ebb7a0ce,f40c3d3,bdce90482268,2026-09-22T11:25:40+00:00
1978-06-30,1978-05-31,0.6074802508615504,1,1.0,1977-11-30,162,True,c1c7ebb7a0ce,f40c3d3,bdce90482268,2026-09-22T11:25:40+00:00
1978-07-31,1978-06-30,0.6771034361190401,1,0.0,1977-11-30,162,False,c1c7ebb7a0ce,f40c3d3,bdce90482268,2026-09-22T11:25:40+00:00
1978-08-31,1978-07-31,0.5704814731581447,1,0.0,1977-11-30,162,False,c1c7ebb7a0ce,f40c3d3,bdce90482268,2026-09-22T11:25:40+00:00
1978-09-30,1978-08-31,0.5658974821674293,1,1.0,1977-11-30,162,True,c1c7ebb7a0ce,f40c3d3,bdce90482268,2026-09-22T11:25:40+00:00
1978-10-31,1978-09-30,0.6629884226585442,1,1.0,1977-11-30,162,True,c1c7ebb7a0ce,f40c3d3,bdce90482268,2026-09-22T11:25:40+00:00
1978-11-30,1978-10-31,0.6368769397570836,1,0.0,1977-11-30,162,False,c1c7ebb7a0ce,f40c3d3,bdce90482268,2026-09-22T11:25:40+00:00
1978-12-31,1978-11-30,0.48287289196713,-1,0.0,1977-11-30,162,True,c1c7ebb7a0ce,f40c3d3,bdce90482268,2026-09-22T11:25:40+00:00
1979-01-31,1978-12-31,0.49124227094292866,-1,1.0,1978-11-30,174,False,c1c7ebb7a0ce,f40c3d3,bdce90482268,2026-09-22T11:25:40+00:00
1979-02-28,1979-01-31,0.6662249566957802,1,1.0,1978-11-30,174,True,c1c7ebb7a0ce,f40c3d3,bdce90482268,2026-09-22T11:25:40+00:00
1979-03-31,1979-02-28,0.6021092927489173,1,0.0,1978-11-30,174,False,c1c7ebb7a0ce,f40c3d3,bdce90482268,2026-09-22T11:25:40+00:00
1979-04-30,1979-03-31,0.4756334887444161,-1,1.0,1978-11-30,174,False,c1c7ebb7a0ce,f40c3d3,bdce90482268,2026-09-22T11:25:40+00:00
1979-05-31,1979-04-30,0.612061378810601,1,1.0,1978-11-30,174,True,c1c7ebb7a0ce,f40c3d3,bdce90482268,2026-09-22T11:25:40+00:00
1979-06-30,1979-05-31,0.6323391296260635,1,1.0,1978-11-30,174,True,c1c7ebb7a0ce,f40c3d3,bdce90482268,2026-09-22T11:25:40+00:00
1979-07-31,1979-06-30,0.6001686742919429,1,1.0,1978-11-30,174,True,c1c7ebb7a0ce,f40c3d3,bdce90482268,2026-09-22T11:25:40+00:00
1979-08-31,1979-07-31,0.6311919887299542,1,0.0,1978-11-30,174,False,c1c7ebb7a0ce,f40c3d3,bdce90482268,2026-09-22T11:25:40+00:00
1979-09-30,1979-08-31,0.528028769228323,1,0.0,1978-11-30,174,False,c1c7ebb7a0ce,f40c3d3,bdce90482268,2026-09-22T11:25:40+00:00
1979-10-31,1979-09-30,0.5551083651928284,1,0.0,1978-11-30,174,False,c1c7ebb7a0ce,f40c3d3,bdce90482268,2026-09-22T11:25:40+00:00
1979-11-30,1979-10-31,0.4892826571389174,-1,0.0,1978-11-30,174,True,c1c7ebb7a0ce,f40c3d3,bdce90482268,2026-09-22T11:25:40+00:00
1979-12-31,1979-11-30,0.43412667281242806,-1,0.0,1978-11-30,174,True,c1c7ebb7a0ce,f40c3d3,bdce90482268,2026-09-22T11:25:40+00:00
1980-01-31,1979-12-31,0.499884957807687,-1,1.0,1979-11-30,186,False,c1c7ebb7a0ce,f40c3d3,bdce90482268,2026-09-22T11:25:40+00:00
1980-02-29,1980-01-31,0.6734338656329486,1,1.0,1979-11-30,186,True,c1c7ebb7a0ce,f40c3d3,bdce90482268,2026-09-22T11:25:40+00:00
1980-03-31,1980-02-29,0.5585300516050457,1,0.0,1979-11-30,186,False,c1c7ebb7a0ce,f40c3d3,bdce90482268,2026-09-22T11:25:40+00:00
1980-04-30,1980-03-31,0.45534028339433924,-1,1.0,1979-11-30,186,False,c1c7ebb7a0ce,f40c3d3,bdce90482268,2026-09-22T11:25:40+00:00
1980-05-31,1980-04-30,0.5552001711545287,1,1.0,1979-11-30,186,True,c1c7ebb7a0ce,f40c3d3,bdce90482268,2026-09-22T11:25:40+00:00
1980-06-30,1980-05-31,0.5057815539806896,1,0.0,1979-11-30,186,False,c1c7ebb7a0ce,f40c3d3,bdce90482268,2026-09-22T11:25:40+00:00
1980-07-31,1980-06-30,0.46612067203361746,-1,0.0,1979-11-30,186,True,c1c7ebb7a0ce,f40c3d3,bdce90482268,2026-09-22T11:25:40+00:00
1980-08-31,1980-07-31,0.31458784459464817,-1,0.0,1979-11-30,186,True,c1c7ebb7a0ce,f40c3d3,bdce90482268,2026-09-22T11:25:40+00:00
1980-09-30,1980-08-31,0.5466297897489645,1,0.0,1979-11-30,186,False,c1c7ebb7a0ce,f40c3d3,bdce90482268,2026-09-22T11:25:40+00:00
1980-10-31,1980-09-30,0.4860143027850949,-1,0.0,1979-11-30,186,True,c1c7ebb7a0ce,f40c3d3,bdce90482268,2026-09-22T11:25:40+00:00
1980-11-30,1980-10-31,0.5079883304240292,1,0.0,1979-11-30,186,False,c1c7ebb7a0ce,f40c3d3,bdce90482268,2026-09-22T11:25:40+00:00
1980-12-31,1980-11-30,0.33895841128189924,-1,1.0,1979-11-30,186,False,c1c7ebb7a0ce,f40c3d3,bdce90482268,2026-09-22T11:25:40+00:00
1981-01-31,1980-12-31,0.7368340215340448,1,1.0,1980-11-30,198,True,c1c7ebb7a0ce,f40c3d3,bdce90482268,2026-09-22T11:25:40+00:00
1981-02-28,1981-01-31,0.8330892792676631,1,1.0,1980-11-30,198,True,c1c7ebb7a0ce,f40c3d3,bdce90482268,2026-09-22T11:25:40+00:00
1981-03-31,1981-02-28,0.45518912525857996,-1,1.0,1980-11-30,198,False,c1c7ebb7a0ce,f40c3d3,bdce90482268,2026-09-22T11:25:40+00:00
1981-04-30,1981-03-31,0.42116144022051477,-1,1.0,1980-11-30,198,False,c1c7ebb7a0ce,f40c3d3,bdce90482268,2026-09-22T11:25:40+00:00
1981-05-31,1981-04-30,0.5849189014299953,1,0.0,1980-11-30,198,False,c1c7ebb7a0ce,f40c3d3,bdce90482268,2026-09-22T11:25:40+00:00
1981-06-30,1981-05-31,0.46389160120061035,-1,1.0,1980-11-30,198,False,c1c7ebb7a0ce,f40c3d3,bdce90482268,2026-09-22T11:25:40+00:00
1981-07-31,1981-06-30,0.7303250154964601,1,0.0,1980-11-30,198,False,c1c7ebb7a0ce,f40c3d3,bdce90482268,2026-09-22T11:25:40+00:00
1981-08-31,1981-07-31,0.5254522900028727,1,1.0,1980-11-30,198,True,c1c7ebb7a0ce,f40c3d3,bdce90482268,2026-09-22T11:25:40+00:00
1981-09-30,1981-08-31,0.7703302339337789,1,1.0,1980-11-30,198,True,c1c7ebb7a0ce,f40c3d3,bdce90482268,2026-09-22T11:25:40+00:00
1981-10-31,1981-09-30,0.8324722863051307,1,0.0,1980-11-30,198,False,c1c7ebb7a0ce,f40c3d3,bdce90482268,2026-09-22T11:25:40+00:00
1981-11-30,1981-10-31,0.47273989531584604,-1,1.0,1980-11-30,198,False,c1c7ebb7a0ce,f40c3d3,bdce90482268,2026-09-22T11:25:40+00:00
1981-12-31,1981-11-30,0.8221471975615355,1,1.0,1980-11-30,198,True,c1c7ebb7a0ce,f40c3d3,bdce90482268,2026-09-22T11:25:40+00:00
1982-01-31,1981-12-31,0.7918079588529933,1,1.0,1981-11-30,210,True,c1c7ebb7a0ce,f40c3d3,bdce90482268,2026-09-22T11:25:40+00:00
1982-02-28,1982-01-31,0.8175987406712701,1,1.0,1981-11-30,210,True,c1c7ebb7a0ce,f40c3d3,bdce90482268,2026-09-22T11:25:40+00:00
1982-03-31,1982-02-28,0.8789765729099679,1,1.0,1981-11-30,210,True,c1c7ebb7a0ce,f40c3d3,bdce90482268,2026-09-22T11:25:40+00:00
1982-04-30,1982-03-31,0.8606420684481836,1,0.0,1981-11-30,210,False,c1c7ebb7a0ce,f40c3d3,bdce90482268,2026-09-22T11:25:40+00:00
1982-05-31,1982-04-30,0.7012988192851032,1,1.0,1981-11-30,210,True,c1c7ebb7a0ce,f40c3d3,bdce90482268,2026-09-22T11:25:40+00:00
1982-06-30,1982-05-31,0.8496168821281183,1,1.0,1981-11-30,210,True,c1c7ebb7a0ce,f40c3d3,bdce90482268,2026-09-22T11:25:40+00:00
1982-07-31,1982-06-30,0.7961139234111331,1,1.0,1981-11-30,210,True,c1c7ebb7a0ce,f40c3d3,bdce90482268,2026-09-22T11:25:40+00:00
1982-08-31,1982-07-31,0.7081775410473359,1,1.0,1981-11-30,210,True,c1c7ebb7a0ce,f40c3d3,bdce90482268,2026-09-22T11:25:40+00:00
1982-09-30,1982-08-31,0.6975854768067098,1,1.0,1981-11-30,210,True,c1c7ebb7a0ce,f40c3d3,bdce90482268,2026-09-22T11:25:40+00:00
1982-10-31,1982-09-30,0.6332754907453989,1,0.0,1981-11-30,210,False,c1c7ebb7a0ce,f40c3d3,bdce90482268,2026-09-22T11:25:40+00:00
1982-11-30,1982-10-31,0.49680246298085257,-1,0.0,1981-11-30,210,True,c1c7ebb7a0ce,f40c3d3,bdce90482268,2026-09-22T11:25:40+00:00
1982-12-31,1982-11-30,0.5481891936247025,1,0.0,1981-11-30,210,False,c1c7ebb7a0ce,f40c3d3,bdce90482268,2026-09-22T11:25:40+00:00
1983-01-31,1982-12-31,0.5665525676608124,1,0.0,1982-11-30,222,False,c1c7ebb7a0ce,f40c3d3,bdce90482268,2026-09-22T11:25:40+00:00
1983-02-28,1983-01-31,0.5120443812698066,1,1.0,1982-11-30,222,True,c1c7ebb7a0ce,f40c3d3,bdce90482268,2026-09-22T11:25:40+00:00
1983-03-31,1983-02-28,0.5377379005307082,1,1.0,1982-11-30,222,True,c1c7ebb7a0ce,f40c3d3,bdce90482268,2026-09-22T11:25:40+00:00
1983-04-30,1983-03-31,0.530547493352489,1,1.0,1982-11-30,222,True,c1c7ebb7a0ce,f40c3d3,bdce90482268,2026-09-22T11:25:40+00:00
1983-05-31,1983-04-30,0.46569058429903326,-1,0.0,1982-11-30,222,True,c1c7ebb7a0ce,f40c3d3,bdce90482268,2026-09-22T11:25:40+00:00
1983-06-30,1983-05-31,0.36236066757621127,-1,0.0,1982-11-30,222,True,c1c7ebb7a0ce,f40c3d3,bdce90482268,2026-09-22T11:25:40+00:00
1983-07-31,1983-06-30,0.2920098071451472,-1,1.0,1982-11-30,222,False,c1c7ebb7a0ce,f40c3d3,bdce90482268,2026-09-22T11:25:40+00:00
1983-08-31,1983-07-31,0.667329356240061,1,1.0,1982-11-30,222,True,c1c7ebb7a0ce,f40c3d3,bdce90482268,2026-09-22T11:25:40+00:00
1983-09-30,1983-08-31,0.6850404007366461,1,1.0,1982-11-30,222,True,c1c7ebb7a0ce,f40c3d3,bdce90482268,2026-09-22T11:25:40+00:00
1983-10-31,1983-09-30,0.45656411551575327,-1,1.0,1982-11-30,222,False,c1c7ebb7a0ce,f40c3d3,bdce90482268,2026-09-22T11:25:40+00:00
1983-11-30,1983-10-31,0.7209572097736311,1,0.0,1982-11-30,222,False,c1c7ebb7a0ce,f40c3d3,bdce90482268,2026-09-22T11:25:40+00:00
1983-12-31,1983-11-30,0.5687476773012311,1,1.0,1982-11-30,222,True,c1c7ebb7a0ce,f40c3d3,bdce90482268,2026-09-22T11:25:40+00:00
1984-01-31,1983-12-31,0.7087684195353501,1,1.0,1983-11-30,234,True,c1c7ebb7a0ce,f40c3d3,bdce90482268,2026-09-22T11:25:40+00:00
1984-02-29,1984-01-31,0.872550874884505,1,1.0,1983-11-30,234,True,c1c7ebb7a0ce,f40c3d3,bdce90482268,2026-09-22T11:25:40+00:00
1984-03-31,1984-02-29,0.7501879845705886,1,1.0,1983-11-30,234,True,c1c7ebb7a0ce,f40c3d3,bdce90482268,2026-09-22T11:25:40+00:00
1984-04-30,1984-03-31,0.6514766690357201,1,1.0,1983-11-30,234,True,c1c7ebb7a0ce,f40c3d3,bdce90482268,2026-09-22T11:25:40+00:00
1984-05-31,1984-04-30,0.7082707219661123,1,1.0,1983-11-30,234,True,c1c7ebb7a0ce,f40c3d3,bdce90482268,2026-09-22T11:25:40+00:00
1984-06-30,1984-05-31,0.7038417675635251,1,0.0,1983-11-30,234,False,c1c7ebb7a0ce,f40c3d3,bdce90482268,2026-09-22T11:25:40+00:00
1984-07-31,1984-06-30,0.6350765098976069,1,1.0,1983-11-30,234,True,c1c7ebb7a0ce,f40c3d3,bdce90482268,2026-09-22T11:25:40+00:00
1984-08-31,1984-07-31,0.7598961356007888,1,0.0,1983-11-30,234,False,c1c7ebb7a0ce,f40c3d3,bdce90482268,2026-09-22T11:25:40+00:00
1984-09-30,1984-08-31,0.7004516238179535,1,1.0,1983-11-30,234,True,c1c7ebb7a0ce,f40c3d3,bdce90482268,2026-09-22T11:25:40+00:00
1984-10-31,1984-09-30,0.8565801003407082,1,1.0,1983-11-30,234,True,c1c7ebb7a0ce,f40c3d3,bdce90482268,2026-09-22T11:25:40+00:00
1984-11-30,1984-10-31,0.7014759283426995,1,1.0,1983-11-30,234,True,c1c7ebb7a0ce,f40c3d3,bdce90482268,2026-09-22T11:25:40+00:00
1984-12-31,1984-11-30,0.7523633715514324,1,0.0,1983-11-30,234,False,c1c7ebb7a0ce,f40c3d3,bdce90482268,2026-09-22T11:25:40+00:00
1985-01-31,1984-12-31,0.6460736299154576,1,0.0,1984-11-30,246,False,c1c7ebb7a0ce,f40c3d3,bdce90482268,2026-09-22T11:25:40+00:00
1985-02-28,1985-01-31,0.4850919032794386,-1,0.0,1984-11-30,246,True,c1c7ebb7a0ce,f40c3d3,bdce90482268,2026-09-22T11:25:40+00:00
1985-03-31,1985-02-28,0.6638871626554779,1,1.0,1984-11-30,246,True,c1c7ebb7a0ce,f40c3d3,bdce90482268,2026-09-22T11:25:40+00:00
1985-04-30,1985-03-31,0.7796021938773645,1,1.0,1984-11-30,246,True,c1c7ebb7a0ce,f40c3d3,bdce90482268,2026-09-22T11:25:40+00:00
1985-05-31,1985-04-30,0.7229222420524596,1,0.0,1984-11-30,246,False,c1c7ebb7a0ce,f40c3d3,bdce90482268,2026-09-22T11:25:40+00:00
1985-06-30,1985-05-31,0.5621343265672037,1,1.0,1984-11-30,246,True,c1c7ebb7a0ce,f40c3d3,bdce90482268,2026-09-22T11:25:40+00:00
1985-07-31,1985-06-30,0.6413264610766143,1,0.0,1984-11-30,246,False,c1c7ebb7a0ce,f40c3d3,bdce90482268,2026-09-22T11:25:40+00:00
1985-08-31,1985-07-31,0.6186023377511243,1,1.0,1984-11-30,246,True,c1c7ebb7a0ce,f40c3d3,bdce90482268,2026-09-22T11:25:40+00:00
1985-09-30,1985-08-31,0.7385053242944555,1,1.0,1984-11-30,246,True,c1c7ebb7a0ce,f40c3d3,bdce90482268,2026-09-22T11:25:40+00:00
1985-10-31,1985-09-30,0.6688868085950463,1,1.0,1984-11-30,246,True,c1c7ebb7a0ce,f40c3d3,bdce90482268,2026-09-22T11:25:40+00:00
1985-11-30,1985-10-31,0.6088302826736934,1,0.0,1984-11-30,246,False,c1c7ebb7a0ce,f40c3d3,bdce90482268,2026-09-22T11:25:40+00:00
1985-12-31,1985-11-30,0.4938071658405488,-1,0.0,1984-11-30,246,True,c1c7ebb7a0ce,f40c3d3,bdce90482268,2026-09-22T11:25:40+00:00
1986-01-31,1985-12-31,0.5600001054256205,1,1.0,1985-11-30,258,True,c1c7ebb7a0ce,f40c3d3,bdce90482268,2026-09-22T11:25:40+00:00
1986-02-28,1986-01-31,0.6148741882507346,1,0.0,1985-11-30,258,False,c1c7ebb7a0ce,f40c3d3,bdce90482268,2026-09-22T11:25:40+00:00
1986-03-31,1986-02-28,0.5476176494327427,1,0.0,1985-11-30,258,False,c1c7ebb7a0ce,f40c3d3,bdce90482268,2026-09-22T11:25:40+00:00
1986-04-30,1986-03-31,0.5068359159096654,1,0.0,1985-11-30,258,False,c1c7ebb7a0ce,f40c3d3,bdce90482268,2026-09-22T11:25:40+00:00
1986-05-31,1986-04-30,0.4404102204209603,-1,0.0,1985-11-30,258,True,c1c7ebb7a0ce,f40c3d3,bdce90482268,2026-09-22T11:25:40+00:00
1986-06-30,1986-05-31,0.543188128755193,1,1.0,1985-11-30,258,True,c1c7ebb7a0ce,f40c3d3,bdce90482268,2026-09-22T11:25:40+00:00
1986-07-31,1986-06-30,0.5822284260800866,1,1.0,1985-11-30,258,True,c1c7ebb7a0ce,f40c3d3,bdce90482268,2026-09-22T11:25:40+00:00
1986-08-31,1986-07-31,0.7367929913598666,1,1.0,1985-11-30,258,True,c1c7ebb7a0ce,f40c3d3,bdce90482268,2026-09-22T11:25:40+00:00
1986-09-30,1986-08-31,0.6620095253404471,1,1.0,1985-11-30,258,True,c1c7ebb7a0ce,f40c3d3,bdce90482268,2026-09-22T11:25:40+00:00
1986-10-31,1986-09-30,0.6180099649736434,1,0.0,1985-11-30,258,False,c1c7ebb7a0ce,f40c3d3,bdce90482268,2026-09-22T11:25:40+00:00
1986-11-30,1986-10-31,0.4215691965263587,-1,0.0,1985-11-30,258,True,c1c7ebb7a0ce,f40c3d3,bdce90482268,2026-09-22T11:25:40+00:00
1986-12-31,1986-11-30,0.49776912338584756,-1,1.0,1985-11-30,258,False,c1c7ebb7a0ce,f40c3d3,bdce90482268,2026-09-22T11:25:40+00:00
1987-01-31,1986-12-31,0.5828368360185149,1,0.0,1986-11-30,270,False,c1c7ebb7a0ce,f40c3d3,bdce90482268,2026-09-22T11:25:40+00:00
1987-02-28,1987-01-31,0.442507748916116,-1,0.0,1986-11-30,270,True,c1c7ebb7a0ce,f40c3d3,bdce90482268,2026-09-22T11:25:40+00:00
1987-03-31,1987-02-28,0.4391836815630533,-1,1.0,1986-11-30,270,False,c1c7ebb7a0ce,f40c3d3,bdce90482268,2026-09-22T11:25:40+00:00
1987-04-30,1987-03-31,0.7370047882306974,1,0.0,1986-11-30,270,False,c1c7ebb7a0ce,f40c3d3,bdce90482268,2026-09-22T11:25:40+00:00
1987-05-31,1987-04-30,0.5903700461177638,1,1.0,1986-11-30,270,True,c1c7ebb7a0ce,f40c3d3,bdce90482268,2026-09-22T11:25:40+00:00
1987-06-30,1987-05-31,0.4989879354453955,-1,1.0,1986-11-30,270,False,c1c7ebb7a0ce,f40c3d3,bdce90482268,2026-09-22T11:25:40+00:00
1987-07-31,1987-06-30,0.5402989803814944,1,1.0,1986-11-30,270,True,c1c7ebb7a0ce,f40c3d3,bdce90482268,2026-09-22T11:25:40+00:00
1987-08-31,1987-07-31,0.5504488147676103,1,0.0,1986-11-30,270,False,c1c7ebb7a0ce,f40c3d3,bdce90482268,2026-09-22T11:25:40+00:00
1987-09-30,1987-08-31,0.48759788215921707,-1,1.0,1986-11-30,270,False,c1c7ebb7a0ce,f40c3d3,bdce90482268,2026-09-22T11:25:40+00:00
1987-10-31,1987-09-30,0.5246628344229147,1,1.0,1986-11-30,270,True,c1c7ebb7a0ce,f40c3d3,bdce90482268,2026-09-22T11:25:40+00:00
1987-11-30,1987-10-31,0.49842705638903245,-1,1.0,1986-11-30,270,False,c1c7ebb7a0ce,f40c3d3,bdce90482268,2026-09-22T11:25:40+00:00
1987-12-31,1987-11-30,0.3861004937355495,-1,0.0,1986-11-30,270,True,c1c7ebb7a0ce,f40c3d3,bdce90482268,2026-09-22T11:25:40+00:00
1988-01-31,1987-12-31,0.22154459114963382,-1,1.0,1987-11-30,282,False,c1c7ebb7a0ce,f40c3d3,bdce90482268,2026-09-22T11:25:40+00:00
1988-02-29,1988-01-31,0.7020922363018174,1,0.0,1987-11-30,282,False,c1c7ebb7a0ce,f40c3d3,bdce90482268,2026-09-22T11:25:40+00:00
1988-03-31,1988-02-29,0.5325948139356937,1,1.0,1987-11-30,282,True,c1c7ebb7a0ce,f40c3d3,bdce90482268,2026-09-22T11:25:40+00:00
1988-04-30,1988-03-31,0.5424499110378982,1,1.0,1987-11-30,282,True,c1c7ebb7a0ce,f40c3d3,bdce90482268,2026-09-22T11:25:40+00:00
1988-05-31,1988-04-30,0.6052639595402032,1,1.0,1987-11-30,282,True,c1c7ebb7a0ce,f40c3d3,bdce90482268,2026-09-22T11:25:40+00:00
1988-06-30,1988-05-31,0.5788436240655367,1,0.0,1987-11-30,282,False,c1c7ebb7a0ce,f40c3d3,bdce90482268,2026-09-22T11:25:40+00:00
1988-07-31,1988-06-30,0.4177978744779903,-1,1.0,1987-11-30,282,False,c1c7ebb7a0ce,f40c3d3,bdce90482268,2026-09-22T11:25:40+00:00
1988-08-31,1988-07-31,0.5935643376974864,1,1.0,1987-11-30,282,True,c1c7ebb7a0ce,f40c3d3,bdce90482268,2026-09-22T11:25:40+00:00
1988-09-30,1988-08-31,0.6203581562813094,1,0.0,1987-11-30,282,False,c1c7ebb7a0ce,f40c3d3,bdce90482268,2026-09-22T11:25:40+00:00
1988-10-31,1988-09-30,0.5104284155341182,1,1.0,1987-11-30,282,True,c1c7ebb7a0ce,f40c3d3,bdce90482268,2026-09-22T11:25:40+00:00
1988-11-30,1988-10-31,0.6166236677277265,1,1.0,1987-11-30,282,True,c1c7ebb7a0ce,f40c3d3,bdce90482268,2026-09-22T11:25:40+00:00
1988-12-31,1988-11-30,0.5928984181051413,1,0.0,1987-11-30,282,False,c1c7ebb7a0ce,f40c3d3,bdce90482268,2026-09-22T11:25:40+00:00
1989-01-31,1988-12-31,0.5043586349616146,1,1.0,1988-11-30,294,True,c1c7ebb7a0ce,f40c3d3,bdce90482268,2026-09-22T11:25:40+00:00
1989-02-28,1989-01-31,0.5836485030492502,1,1.0,1988-11-30,294,True,c1c7ebb7a0ce,f40c3d3,bdce90482268,2026-09-22T11:25:40+00:00
1989-03-31,1989-02-28,0.6063189879297864,1,1.0,1988-11-30,294,True,c1c7ebb7a0ce,f40c3d3,bdce90482268,2026-09-22T11:25:40+00:00
1989-04-30,1989-03-31,0.5476669098297022,1,0.0,1988-11-30,294,False,c1c7ebb7a0ce,f40c3d3,bdce90482268,2026-09-22T11:25:40+00:00
1989-05-31,1989-04-30,0.4805267716405603,-1,0.0,1988-11-30,294,True,c1c7ebb7a0ce,f40c3d3,bdce90482268,2026-09-22T11:25:40+00:00
1989-06-30,1989-05-31,0.5051526736119176,1,1.0,1988-11-30,294,True,c1c7ebb7a0ce,f40c3d3,bdce90482268,2026-09-22T11:25:40+00:00
1989-07-31,1989-06-30,0.6276686647443297,1,0.0,1988-11-30,294,False,c1c7ebb7a0ce,f40c3d3,bdce90482268,2026-09-22T11:25:40+00:00
1989-08-31,1989-07-31,0.4759170748445418,-1,1.0,1988-11-30,294,False,c1c7ebb7a0ce,f40c3d3,bdce90482268,2026-09-22T11:25:40+00:00
1989-09-30,1989-08-31,0.5550008458624686,1,0.0,1988-11-30,294,False,c1c7ebb7a0ce,f40c3d3,bdce90482268,2026-09-22T11:25:40+00:00
1989-10-31,1989-09-30,0.523609381174551,1,0.0,1988-11-30,294,False,c1c7ebb7a0ce,f40c3d3,bdce90482268,2026-09-22T11:25:40+00:00
1989-11-30,1989-10-31,0.479080396070863,-1,0.0,1988-11-30,294,True,c1c7ebb7a0ce,f40c3d3,bdce90482268,2026-09-22T11:25:40+00:00
1989-12-31,1989-11-30,0.5004763327824305,1,1.0,1988-11-30,294,True,c1c7ebb7a0ce,f40c3d3,bdce90482268,2026-09-22T11:25:40+00:00
1990-01-31,1989-12-31,0.5243877924843803,1,1.0,1989-11-30,306,True,c1c7ebb7a0ce,f40c3d3,bdce90482268,2026-09-22T11:25:40+00:00
1990-02-28,1990-01-31,0.5647315992654247,1,1.0,1989-11-30,306,True,c1c7ebb7a0ce,f40c3d3,bdce90482268,2026-09-22T11:25:40+00:00
1990-03-31,1990-02-28,0.5352650121273872,1,0.0,1989-11-30,306,False,c1c7ebb7a0ce,f40c3d3,bdce90482268,2026-09-22T11:25:40+00:00
1990-04-30,1990-03-31,0.47180328986439857,-1,0.0,1989-11-30,306,True,c1c7ebb7a0ce,f40c3d3,bdce90482268,2026-09-22T11:25:40+00:00
1990-05-31,1990-04-30,0.5352032124542804,1,0.0,1989-11-30,306,False,c1c7ebb7a0ce,f40c3d3,bdce90482268,2026-09-22T11:25:40+00:00
1990-06-30,1990-05-31,0.541311195682337,1,0.0,1989-11-30,306,False,c1c7ebb7a0ce,f40c3d3,bdce90482268,2026-09-22T11:25:40+00:00
1990-07-31,1990-06-30,0.5642163463095929,1,0.0,1989-11-30,306,False,c1c7ebb7a0ce,f40c3d3,bdce90482268,2026-09-22T11:25:40+00:00
1990-08-31,1990-07-31,0.6189729102199076,1,1.0,1989-11-30,306,True,c1c7ebb7a0ce,f40c3d3,bdce90482268,2026-09-22T11:25:40+00:00
1990-09-30,1990-08-31,0.7080785808228568,1,1.0,1989-11-30,306,True,c1c7ebb7a0ce,f40c3d3,bdce90482268,2026-09-22T11:25:40+00:00
1990-10-31,1990-09-30,0.6827831018581039,1,0.0,1989-11-30,306,False,c1c7ebb7a0ce,f40c3d3,bdce90482268,2026-09-22T11:25:40+00:00
1990-11-30,1990-10-31,0.6652016901902345,1,0.0,1989-11-30,306,False,c1c7ebb7a0ce,f40c3d3,bdce90482268,2026-09-22T11:25:40+00:00
1990-12-31,1990-11-30,0.5346720856113751,1,0.0,1989-11-30,306,False,c1c7ebb7a0ce,f40c3d3,bdce90482268,2026-09-22T11:25:40+00:00
1991-01-31,1990-12-31,0.49925480538816264,-1,0.0,1990-11-30,318,True,c1c7ebb7a0ce,f40c3d3,bdce90482268,2026-09-22T11:25:40+00:00
1991-02-28,1991-01-31,0.4976369577265387,-1,0.0,1990-11-30,318,True,c1c7ebb7a0ce,f40c3d3,bdce90482268,2026-09-22T11:25:40+00:00
1991-03-31,1991-02-28,0.5168953274787091,1,0.0,1990-11-30,318,False,c1c7ebb7a0ce,f40c3d3,bdce90482268,2026-09-22T11:25:40+00:00
1991-04-30,1991-03-31,0.5108595550844216,1,1.0,1990-11-30,318,True,c1c7ebb7a0ce,f40c3d3,bdce90482268,2026-09-22T11:25:40+00:00
1991-05-31,1991-04-30,0.5854455568039599,1,0.0,1990-11-30,318,False,c1c7ebb7a0ce,f40c3d3,bdce90482268,2026-09-22T11:25:40+00:00
1991-06-30,1991-05-31,0.5187441559147631,1,1.0,1990-11-30,318,True,c1c7ebb7a0ce,f40c3d3,bdce90482268,2026-09-22T11:25:40+00:00
1991-07-31,1991-06-30,0.5412927990453419,1,0.0,1990-11-30,318,False,c1c7ebb7a0ce,f40c3d3,bdce90482268,2026-09-22T11:25:40+00:00
1991-08-31,1991-07-31,0.4707106631251402,-1,0.0,1990-11-30,318,True,c1c7ebb7a0ce,f40c3d3,bdce90482268,2026-09-22T11:25:40+00:00
1991-09-30,1991-08-31,0.4717197140752698,-1,0.0,1990-11-30,318,True,c1c7ebb7a0ce,f40c3d3,bdce90482268,2026-09-22T11:25:40+00:00
1991-10-31,1991-09-30,0.47608721518436775,-1,0.0,1990-11-30,318,True,c1c7ebb7a0ce,f40c3d3,bdce90482268,2026-09-22T11:25:40+00:00
1991-11-30,1991-10-31,0.49882978450394455,-1,0.0,1990-11-30,318,True,c1c7ebb7a0ce,f40c3d3,bdce90482268,2026-09-22T11:25:40+00:00
1991-12-31,1991-11-30,0.48039180226535105,-1,0.0,1990-11-30,318,True,c1c7ebb7a0ce,f40c3d3,bdce90482268,2026-09-22T11:25:40+00:00
1992-01-31,1991-12-31,0.4303012955357477,-1,1.0,1991-11-30,330,False,c1c7ebb7a0ce,f40c3d3,bdce90482268,2026-09-22T11:25:40+00:00
1992-02-29,1992-01-31,0.7786208632723298,1,1.0,1991-11-30,330,True,c1c7ebb7a0ce,f40c3d3,bdce90482268,2026-09-22T11:25:40+00:00
1992-03-31,1992-02-29,0.8237512566269024,1,1.0,1991-11-30,330,True,c1c7ebb7a0ce,f40c3d3,bdce90482268,2026-09-22T11:25:40+00:00
1992-04-30,1992-03-31,0.7185382822252452,1,1.0,1991-11-30,330,True,c1c7ebb7a0ce,f40c3d3,bdce90482268,2026-09-22T11:25:40+00:00
1992-05-31,1992-04-30,0.7179388887078366,1,1.0,1991-11-30,330,True,c1c7ebb7a0ce,f40c3d3,bdce90482268,2026-09-22T11:25:40+00:00
1992-06-30,1992-05-31,0.6206775044167177,1,1.0,1991-11-30,330,True,c1c7ebb7a0ce,f40c3d3,bdce90482268,2026-09-22T11:25:40+00:00
1992-07-31,1992-06-30,0.7129232850005992,1,0.0,1991-11-30,330,False,c1c7ebb7a0ce,f40c3d3,bdce90482268,2026-09-22T11:25:40+00:00
1992-08-31,1992-07-31,0.611928791950553,1,0.0,1991-11-30,330,False,c1c7ebb7a0ce,f40c3d3,bdce90482268,2026-09-22T11:25:40+00:00
1992-09-30,1992-08-31,0.5996735516119173,1,0.0,1991-11-30,330,False,c1c7ebb7a0ce,f40c3d3,bdce90482268,2026-09-22T11:25:40+00:00
1992-10-31,1992-09-30,0.6689118652981614,1,0.0,1991-11-30,330,False,c1c7ebb7a0ce,f40c3d3,bdce90482268,2026-09-22T11:25:40+00:00
1992-11-30,1992-10-31,0.6070493828308996,1,0.0,1991-11-30,330,False,c1c7ebb7a0ce,f40c3d3,bdce90482268,2026-09-22T11:25:40+00:00
1992-12-31,1992-11-30,0.6616703934912996,1,1.0,1991-11-30,330,True,c1c7ebb7a0ce,f40c3d3,bdce90482268,2026-09-22T11:25:40+00:00
1993-01-31,1992-12-31,0.7629498913919684,1,1.0,1992-11-30,342,True,c1c7ebb7a0ce,f40c3d3,bdce90482268,2026-09-22T11:25:40+00:00
1993-02-28,1993-01-31,0.8284659695346833,1,1.0,1992-11-30,342,True,c1c7ebb7a0ce,f40c3d3,bdce90482268,2026-09-22T11:25:40+00:00
1993-03-31,1993-02-28,0.8477531876226018,1,1.0,1992-11-30,342,True,c1c7ebb7a0ce,f40c3d3,bdce90482268,2026-09-22T11:25:40+00:00
1993-04-30,1993-03-31,0.7183907623769124,1,1.0,1992-11-30,342,True,c1c7ebb7a0ce,f40c3d3,bdce90482268,2026-09-22T11:25:40+00:00
1993-05-31,1993-04-30,0.7761838492096458,1,0.0,1992-11-30,342,False,c1c7ebb7a0ce,f40c3d3,bdce90482268,2026-09-22T11:25:40+00:00
1993-06-30,1993-05-31,0.5975357337228367,1,1.0,1992-11-30,342,True,c1c7ebb7a0ce,f40c3d3,bdce90482268,2026-09-22T11:25:40+00:00
1993-07-31,1993-06-30,0.7685496467433783,1,1.0,1992-11-30,342,True,c1c7ebb7a0ce,f40c3d3,bdce90482268,2026-09-22T11:25:40+00:00
1993-08-31,1993-07-31,0.760559514870654,1,1.0,1992-11-30,342,True,c1c7ebb7a0ce,f40c3d3,bdce90482268,2026-09-22T11:25:40+00:00
1993-09-30,1993-08-31,0.6336135789746831,1,0.0,1992-11-30,342,False,c1c7ebb7a0ce,f40c3d3,bdce90482268,2026-09-22T11:25:40+00:00
1993-10-31,1993-09-30,0.6542451681420228,1,0.0,1992-11-30,342,False,c1c7ebb7a0ce,f40c3d3,bdce90482268,2026-09-22T11:25:40+00:00
1993-11-30,1993-10-31,0.6157898918316365,1,0.0,1992-11-30,342,False,c1c7ebb7a0ce,f40c3d3,bdce90482268,2026-09-22T11:25:40+00:00
1993-12-31,1993-11-30,0.6905452991250681,1,1.0,1992-11-30,342,True,c1c7ebb7a0ce,f40c3d3,bdce90482268,2026-09-22T11:25:40+00:00
1994-01-31,1993-12-31,0.6850430939065139,1,1.0,1993-11-30,354,True,c1c7ebb7a0ce,f40c3d3,bdce90482268,2026-09-22T11:25:40+00:00
1994-02-28,1994-01-31,0.6249303240318967,1,0.0,1993-11-30,354,False,c1c7ebb7a0ce,f40c3d3,bdce90482268,2026-09-22T11:25:40+00:00
1994-03-31,1994-02-28,0.4399291569777997,-1,1.0,1993-11-30,354,False,c1c7ebb7a0ce,f40c3d3,bdce90482268,2026-09-22T11:25:40+00:00
1994-04-30,1994-03-31,0.5580616328917314,1,1.0,1993-11-30,354,True,c1c7ebb7a0ce,f40c3d3,bdce90482268,2026-09-22T11:25:40+00:00
1994-05-31,1994-04-30,0.5795378729938955,1,1.0,1993-11-30,354,True,c1c7ebb7a0ce,f40c3d3,bdce90482268,2026-09-22T11:25:40+00:00
1994-06-30,1994-05-31,0.5498776369010063,1,1.0,1993-11-30,354,True,c1c7ebb7a0ce,f40c3d3,bdce90482268,2026-09-22T11:25:40+00:00
1994-07-31,1994-06-30,0.6019587159101903,1,1.0,1993-11-30,354,True,c1c7ebb7a0ce,f40c3d3,bdce90482268,2026-09-22T11:25:40+00:00
1994-08-31,1994-07-31,0.5328776583802131,1,0.0,1993-11-30,354,False,c1c7ebb7a0ce,f40c3d3,bdce90482268,2026-09-22T11:25:40+00:00
1994-09-30,1994-08-31,0.44259141124999757,-1,0.0,1993-11-30,354,True,c1c7ebb7a0ce,f40c3d3,bdce90482268,2026-09-22T11:25:40+00:00
1994-10-31,1994-09-30,0.4823490298007682,-1,0.0,1993-11-30,354,True,c1c7ebb7a0ce,f40c3d3,bdce90482268,2026-09-22T11:25:40+00:00
1994-11-30,1994-10-31,0.5087865535535998,1,0.0,1993-11-30,354,False,c1c7ebb7a0ce,f40c3d3,bdce90482268,2026-09-22T11:25:40+00:00
1994-12-31,1994-11-30,0.5415708301688129,1,0.0,1993-11-30,354,False,c1c7ebb7a0ce,f40c3d3,bdce90482268,2026-09-22T11:25:40+00:00
1995-01-31,1994-12-31,0.5504764949438526,1,1.0,1994-11-30,366,True,c1c7ebb7a0ce,f40c3d3,bdce90482268,2026-09-22T11:25:40+00:00
1995-02-28,1995-01-31,0.6451782645466846,1,1.0,1994-11-30,366,True,c1c7ebb7a0ce,f40c3d3,bdce90482268,2026-09-22T11:25:40+00:00
1995-03-31,1995-02-28,0.5632531427819548,1,0.0,1994-11-30,366,False,c1c7ebb7a0ce,f40c3d3,bdce90482268,2026-09-22T11:25:40+00:00
1995-04-30,1995-03-31,0.447291918553741,-1,1.0,1994-11-30,366,False,c1c7ebb7a0ce,f40c3d3,bdce90482268,2026-09-22T11:25:40+00:00
1995-05-31,1995-04-30,0.6066183518368994,1,1.0,1994-11-30,366,True,c1c7ebb7a0ce,f40c3d3,bdce90482268,2026-09-22T11:25:40+00:00
1995-06-30,1995-05-31,0.6331547306894337,1,0.0,1994-11-30,366,False,c1c7ebb7a0ce,f40c3d3,bdce90482268,2026-09-22T11:25:40+00:00
1995-07-31,1995-06-30,0.4462060545634257,-1,0.0,1994-11-30,366,True,c1c7ebb7a0ce,f40c3d3,bdce90482268,2026-09-22T11:25:40+00:00
1995-08-31,1995-07-31,0.5078264280560799,1,1.0,1994-11-30,366,True,c1c7ebb7a0ce,f40c3d3,bdce90482268,2026-09-22T11:25:40+00:00
1995-09-30,1995-08-31,0.7119255981807844,1,0.0,1994-11-30,366,False,c1c7ebb7a0ce,f40c3d3,bdce90482268,2026-09-22T11:25:40+00:00
1995-10-31,1995-09-30,0.6116070218375962,1,0.0,1994-11-30,366,False,c1c7ebb7a0ce,f40c3d3,bdce90482268,2026-09-22T11:25:40+00:00
1995-11-30,1995-10-31,0.6127619696415817,1,1.0,1994-11-30,366,True,c1c7ebb7a0ce,f40c3d3,bdce90482268,2026-09-22T11:25:40+00:00
1995-12-31,1995-11-30,0.6579505599677085,1,1.0,1994-11-30,366,True,c1c7ebb7a0ce,f40c3d3,bdce90482268,2026-09-22T11:25:40+00:00
1996-01-31,1995-12-31,0.6307009970635112,1,1.0,1995-11-30,378,True,c1c7ebb7a0ce,f40c3d3,bdce90482268,2026-09-22T11:25:40+00:00
1996-02-29,1996-01-31,0.6044949795823655,1,0.0,1995-11-30,378,False,c1c7ebb7a0ce,f40c3d3,bdce90482268,2026-09-22T11:25:40+00:00
1996-03-31,1996-02-29,0.5503281244287311,1,1.0,1995-11-30,378,True,c1c7ebb7a0ce,f40c3d3,bdce90482268,2026-09-22T11:25:40+00:00
1996-04-30,1996-03-31,0.6116389946920964,1,0.0,1995-11-30,378,False,c1c7ebb7a0ce,f40c3d3,bdce90482268,2026-09-22T11:25:40+00:00
1996-05-31,1996-04-30,0.44447834951341375,-1,0.0,1995-11-30,378,True,c1c7ebb7a0ce,f40c3d3,bdce90482268,2026-09-22T11:25:40+00:00
1996-06-30,1996-05-31,0.5370242227462261,1,1.0,1995-11-30,378,True,c1c7ebb7a0ce,f40c3d3,bdce90482268,2026-09-22T11:25:40+00:00
1996-07-31,1996-06-30,0.6725232797725419,1,1.0,1995-11-30,378,True,c1c7ebb7a0ce,f40c3d3,bdce90482268,2026-09-22T11:25:40+00:00
1996-08-31,1996-07-31,0.8275682453731324,1,0.0,1995-11-30,378,False,c1c7ebb7a0ce,f40c3d3,bdce90482268,2026-09-22T11:25:40+00:00
1996-09-30,1996-08-31,0.6308968216979035,1,0.0,1995-11-30,378,False,c1c7ebb7a0ce,f40c3d3,bdce90482268,2026-09-22T11:25:40+00:00
1996-10-31,1996-09-30,0.590229895677535,1,1.0,1995-11-30,378,True,c1c7ebb7a0ce,f40c3d3,bdce90482268,2026-09-22T11:25:40+00:00
1996-11-30,1996-10-31,0.760292747501585,1,1.0,1995-11-30,378,True,c1c7ebb7a0ce,f40c3d3,bdce90482268,2026-09-22T11:25:40+00:00
1996-12-31,1996-11-30,0.6328162093510877,1,1.0,1995-11-30,378,True,c1c7ebb7a0ce,f40c3d3,bdce90482268,2026-09-22T11:25:40+00:00
1997-01-31,1996-12-31,0.5833812302865777,1,0.0,1996-11-30,390,False,c1c7ebb7a0ce,f40c3d3,bdce90482268,2026-09-22T11:25:40+00:00
1997-02-28,1997-01-31,0.5222231891561852,1,1.0,1996-11-30,390,True,c1c7ebb7a0ce,f40c3d3,bdce90482268,2026-09-22T11:25:40+00:00
1997-03-31,1997-02-28,0.7768276832435388,1,1.0,1996-11-30,390,True,c1c7ebb7a0ce,f40c3d3,bdce90482268,2026-09-22T11:25:40+00:00
1997-04-30,1997-03-31,0.7203168256009449,1,1.0,1996-11-30,390,True,c1c7ebb7a0ce,f40c3d3,bdce90482268,2026-09-22T11:25:40+00:00
1997-05-31,1997-04-30,0.5977223823499518,1,0.0,1996-11-30,390,False,c1c7ebb7a0ce,f40c3d3,bdce90482268,2026-09-22T11:25:40+00:00
1997-06-30,1997-05-31,0.5505279609722349,1,1.0,1996-11-30,390,True,c1c7ebb7a0ce,f40c3d3,bdce90482268,2026-09-22T11:25:40+00:00
1997-07-31,1997-06-30,0.7302712044044466,1,1.0,1996-11-30,390,True,c1c7ebb7a0ce,f40c3d3,bdce90482268,2026-09-22T11:25:40+00:00
1997-08-31,1997-07-31,0.6653757025425459,1,1.0,1996-11-30,390,True,c1c7ebb7a0ce,f40c3d3,bdce90482268,2026-09-22T11:25:40+00:00
1997-09-30,1997-08-31,0.622402587151845,1,1.0,1996-11-30,390,True,c1c7ebb7a0ce,f40c3d3,bdce90482268,2026-09-22T11:25:40+00:00
1997-10-31,1997-09-30,0.6126971130520416,1,1.0,1996-11-30,390,True,c1c7ebb7a0ce,f40c3d3,bdce90482268,2026-09-22T11:25:40+00:00
1997-11-30,1997-10-31,0.694316558122638,1,1.0,1996-11-30,390,True,c1c7ebb7a0ce,f40c3d3,bdce90482268,2026-09-22T11:25:40+00:00
1997-12-31,1997-11-30,0.6727964903978353,1,1.0,1996-11-30,390,True,c1c7ebb7a0ce,f40c3d3,bdce90482268,2026-09-22T11:25:40+00:00
1998-01-31,1997-12-31,0.7959810902202363,1,0.0,1997-11-30,402,False,c1c7ebb7a0ce,f40c3d3,bdce90482268,2026-09-22T11:25:40+00:00
1998-02-28,1998-01-31,0.6092581972082252,1,0.0,1997-11-30,402,False,c1c7ebb7a0ce,f40c3d3,bdce90482268,2026-09-22T11:25:40+00:00
1998-03-31,1998-02-28,0.6264301550316028,1,1.0,1997-11-30,402,True,c1c7ebb7a0ce,f40c3d3,bdce90482268,2026-09-22T11:25:40+00:00
1998-04-30,1998-03-31,0.6984773759361059,1,1.0,1997-11-30,402,True,c1c7ebb7a0ce,f40c3d3,bdce90482268,2026-09-22T11:25:40+00:00
1998-05-31,1998-04-30,0.6630209564006108,1,1.0,1997-11-30,402,True,c1c7ebb7a0ce,f40c3d3,bdce90482268,2026-09-22T11:25:40+00:00
1998-06-30,1998-05-31,0.7508335276892496,1,0.0,1997-11-30,402,False,c1c7ebb7a0ce,f40c3d3,bdce90482268,2026-09-22T11:25:40+00:00
1998-07-31,1998-06-30,0.5983143446002019,1,0.0,1997-11-30,402,False,c1c7ebb7a0ce,f40c3d3,bdce90482268,2026-09-22T11:25:40+00:00
1998-08-31,1998-07-31,0.6002607864451837,1,1.0,1997-11-30,402,True,c1c7ebb7a0ce,f40c3d3,bdce90482268,2026-09-22T11:25:40+00:00
1998-09-30,1998-08-31,0.8002837969466852,1,0.0,1997-11-30,402,False,c1c7ebb7a0ce,f40c3d3,bdce90482268,2026-09-22T11:25:40+00:00
1998-10-31,1998-09-30,0.5526271740650253,1,0.0,1997-11-30,402,False,c1c7ebb7a0ce,f40c3d3,bdce90482268,2026-09-22T11:25:40+00:00
1998-11-30,1998-10-31,0.6409542614116149,1,0.0,1997-11-30,402,False,c1c7ebb7a0ce,f40c3d3,bdce90482268,2026-09-22T11:25:40+00:00
1998-12-31,1998-11-30,0.6800396560750437,1,0.0,1997-11-30,402,False,c1c7ebb7a0ce,f40c3d3,bdce90482268,2026-09-22T11:25:40+00:00
1999-01-31,1998-12-31,0.4943082043304279,-1,0.0,1998-11-30,414,True,c1c7ebb7a0ce,f40c3d3,bdce90482268,2026-09-22T11:25:40+00:00
1999-02-28,1999-01-31,0.459162982589229,-1,1.0,1998-11-30,414,False,c1c7ebb7a0ce,f40c3d3,bdce90482268,2026-09-22T11:25:40+00:00
1999-03-31,1999-02-28,0.683142735414035,1,0.0,1998-11-30,414,False,c1c7ebb7a0ce,f40c3d3,bdce90482268,2026-09-22T11:25:40+00:00
1999-04-30,1999-03-31,0.5031615632368984,1,1.0,1998-11-30,414,True,c1c7ebb7a0ce,f40c3d3,bdce90482268,2026-09-22T11:25:40+00:00
1999-05-31,1999-04-30,0.7437521634361557,1,1.0,1998-11-30,414,True,c1c7ebb7a0ce,f40c3d3,bdce90482268,2026-09-22T11:25:40+00:00
1999-06-30,1999-05-31,0.7434696543696361,1,0.0,1998-11-30,414,False,c1c7ebb7a0ce,f40c3d3,bdce90482268,2026-09-22T11:25:40+00:00
1999-07-31,1999-06-30,0.5479440722296006,1,0.0,1998-11-30,414,False,c1c7ebb7a0ce,f40c3d3,bdce90482268,2026-09-22T11:25:40+00:00
1999-08-31,1999-07-31,0.5671084980031015,1,0.0,1998-11-30,414,False,c1c7ebb7a0ce,f40c3d3,bdce90482268,2026-09-22T11:25:40+00:00
1999-09-30,1999-08-31,0.5442754544337339,1,0.0,1998-11-30,414,False,c1c7ebb7a0ce,f40c3d3,bdce90482268,2026-09-22T11:25:40+00:00
1999-10-31,1999-09-30,0.48929151565418527,-1,0.0,1998-11-30,414,True,c1c7ebb7a0ce,f40c3d3,bdce90482268,2026-09-22T11:25:40+00:00
1999-11-30,1999-10-31,0.5017797532674373,1,0.0,1998-11-30,414,False,c1c7ebb7a0ce,f40c3d3,bdce90482268,2026-09-22T11:25:40+00:00
1999-12-31,1999-11-30,0.4430640705981711,-1,0.0,1998-11-30,414,True,c1c7ebb7a0ce,f40c3d3,bdce90482268,2026-09-22T11:25:40+00:00
2000-01-31,1999-12-31,0.3079890213064756,-1,0.0,1999-11-30,426,True,c1c7ebb7a0ce,f40c3d3,bdce90482268,2026-09-22T11:25:40+00:00
2000-02-29,2000-01-31,0.5396138329944042,1,0.0,1999-11-30,426,False,c1c7ebb7a0ce,f40c3d3,bdce90482268,2026-09-22T11:25:40+00:00
2000-03-31,2000-02-29,0.2664845473193697,-1,1.0,1999-11-30,426,False,c1c7ebb7a0ce,f40c3d3,bdce90482268,2026-09-22T11:25:40+00:00
2000-04-30,2000-03-31,0.7938608778595676,1,1.0,1999-11-30,426,True,c1c7ebb7a0ce,f40c3d3,bdce90482268,2026-09-22T11:25:40+00:00
2000-05-31,2000-04-30,0.6875085163878617,1,1.0,1999-11-30,426,True,c1c7ebb7a0ce,f40c3d3,bdce90482268,2026-09-22T11:25:40+00:00
2000-06-30,2000-05-31,0.49791867802517736,-1,0.0,1999-11-30,426,True,c1c7ebb7a0ce,f40c3d3,bdce90482268,2026-09-22T11:25:40+00:00
2000-07-31,2000-06-30,0.21963224298750234,-1,1.0,1999-11-30,426,False,c1c7ebb7a0ce,f40c3d3,bdce90482268,2026-09-22T11:25:40+00:00
2000-08-31,2000-07-31,0.807338023378304,1,0.0,1999-11-30,426,False,c1c7ebb7a0ce,f40c3d3,bdce90482268,2026-09-22T11:25:40+00:00
2000-09-30,2000-08-31,0.5456702579208921,1,1.0,1999-11-30,426,True,c1c7ebb7a0ce,f40c3d3,bdce90482268,2026-09-22T11:25:40+00:00
2000-10-31,2000-09-30,0.784668957188744,1,1.0,1999-11-30,426,True,c1c7ebb7a0ce,f40c3d3,bdce90482268,2026-09-22T11:25:40+00:00
2000-11-30,2000-10-31,0.7755984635777505,1,1.0,1999-11-30,426,True,c1c7ebb7a0ce,f40c3d3,bdce90482268,2026-09-22T11:25:40+00:00
2000-12-31,2000-11-30,0.9331159473529713,1,1.0,1999-11-30,426,True,c1c7ebb7a0ce,f40c3d3,bdce90482268,2026-09-22T11:25:40+00:00
2001-01-31,2000-12-31,0.9094741924252994,1,0.0,2000-11-30,438,False,c1c7ebb7a0ce,f40c3d3,bdce90482268,2026-09-22T11:25:40+00:00
2001-02-28,2001-01-31,0.7386517983034427,1,1.0,2000-11-30,438,True,c1c7ebb7a0ce,f40c3d3,bdce90482268,2026-09-22T11:25:40+00:00
2001-03-31,2001-02-28,0.985891850503143,1,1.0,2000-11-30,438,True,c1c7ebb7a0ce,f40c3d3,bdce90482268,2026-09-22T11:25:40+00:00
2001-04-30,2001-03-31,0.958605692267317,1,0.0,2000-11-30,438,False,c1c7ebb7a0ce,f40c3d3,bdce90482268,2026-09-22T11:25:40+00:00
2001-05-31,2001-04-30,0.7395508134938655,1,1.0,2000-11-30,438,True,c1c7ebb7a0ce,f40c3d3,bdce90482268,2026-09-22T11:25:40+00:00
2001-06-30,2001-05-31,0.9077242010582116,1,0.0,2000-11-30,438,False,c1c7ebb7a0ce,f40c3d3,bdce90482268,2026-09-22T11:25:40+00:00
2001-07-31,2001-06-30,0.8901498990207085,1,1.0,2000-11-30,438,True,c1c7ebb7a0ce,f40c3d3,bdce90482268,2026-09-22T11:25:40+00:00
2001-08-31,2001-07-31,0.9152935648773121,1,1.0,2000-11-30,438,True,c1c7ebb7a0ce,f40c3d3,bdce90482268,2026-09-22T11:25:40+00:00
2001-09-30,2001-08-31,0.8907962708577194,1,1.0,2000-11-30,438,True,c1c7ebb7a0ce,f40c3d3,bdce90482268,2026-09-22T11:25:40+00:00
2001-10-31,2001-09-30,0.8016059620491204,1,0.0,2000-11-30,438,False,c1c7ebb7a0ce,f40c3d3,bdce90482268,2026-09-22T11:25:40+00:00
2001-11-30,2001-10-31,0.5250320634631119,1,1.0,2000-11-30,438,True,c1c7ebb7a0ce,f40c3d3,bdce90482268,2026-09-22T11:25:40+00:00
2001-12-31,2001-11-30,0.7235491665407189,1,1.0,2000-11-30,438,True,c1c7ebb7a0ce,f40c3d3,bdce90482268,2026-09-22T11:25:40+00:00
2002-01-31,2001-12-31,0.6570993066928028,1,1.0,2001-11-30,450,True,c1c7ebb7a0ce,f40c3d3,bdce90482268,2026-09-22T11:25:40+00:00
2002-02-28,2002-01-31,0.7031474750261585,1,1.0,2001-11-30,450,True,c1c7ebb7a0ce,f40c3d3,bdce90482268,2026-09-22T11:25:40+00:00
2002-03-31,2002-02-28,0.6232296532469391,1,1.0,2001-11-30,450,True,c1c7ebb7a0ce,f40c3d3,bdce90482268,2026-09-22T11:25:40+00:00
2002-04-30,2002-03-31,0.5462805078197098,1,1.0,2001-11-30,450,True,c1c7ebb7a0ce,f40c3d3,bdce90482268,2026-09-22T11:25:40+00:00
2002-05-31,2002-04-30,0.6664867733158543,1,1.0,2001-11-30,450,True,c1c7ebb7a0ce,f40c3d3,bdce90482268,2026-09-22T11:25:40+00:00
2002-06-30,2002-05-31,0.6152530950695222,1,1.0,2001-11-30,450,True,c1c7ebb7a0ce,f40c3d3,bdce90482268,2026-09-22T11:25:40+00:00
2002-07-31,2002-06-30,0.6155231688124233,1,0.0,2001-11-30,450,False,c1c7ebb7a0ce,f40c3d3,bdce90482268,2026-09-22T11:25:40+00:00
2002-08-31,2002-07-31,0.4567278989724821,-1,1.0,2001-11-30,450,False,c1c7ebb7a0ce,f40c3d3,bdce90482268,2026-09-22T11:25:40+00:00
2002-09-30,2002-08-31,0.5960243921440215,1,1.0,2001-11-30,450,True,c1c7ebb7a0ce,f40c3d3,bdce90482268,2026-09-22T11:25:40+00:00
2002-10-31,2002-09-30,0.5108114828240913,1,0.0,2001-11-30,450,False,c1c7ebb7a0ce,f40c3d3,bdce90482268,2026-09-22T11:25:40+00:00
2002-11-30,2002-10-31,0.3925675364677243,-1,0.0,2001-11-30,450,True,c1c7ebb7a0ce,f40c3d3,bdce90482268,2026-09-22T11:25:40+00:00
2002-12-31,2002-11-30,0.4729793209342245,-1,1.0,2001-11-30,450,False,c1c7ebb7a0ce,f40c3d3,bdce90482268,2026-09-22T11:25:40+00:00
2003-01-31,2002-12-31,0.6121917160085713,1,0.0,2002-11-30,462,False,c1c7ebb7a0ce,f40c3d3,bdce90482268,2026-09-22T11:25:40+00:00
2003-02-28,2003-01-31,0.5053727860725616,1,0.0,2002-11-30,462,False,c1c7ebb7a0ce,f40c3d3,bdce90482268,2026-09-22T11:25:40+00:00
2003-03-31,2003-02-28,0.4795888495336776,-1,0.0,2002-11-30,462,True,c1c7ebb7a0ce,f40c3d3,bdce90482268,2026-09-22T11:25:40+00:00
2003-04-30,2003-03-31,0.4623237726379083,-1,1.0,2002-11-30,462,False,c1c7ebb7a0ce,f40c3d3,bdce90482268,2026-09-22T11:25:40+00:00
2003-05-31,2003-04-30,0.5295865149133819,1,1.0,2002-11-30,462,True,c1c7ebb7a0ce,f40c3d3,bdce90482268,2026-09-22T11:25:40+00:00
2003-06-30,2003-05-31,0.5100526925217594,1,1.0,2002-11-30,462,True,c1c7ebb7a0ce,f40c3d3,bdce90482268,2026-09-22T11:25:40+00:00
2003-07-31,2003-06-30,0.5030145902325059,1,0.0,2002-11-30,462,False,c1c7ebb7a0ce,f40c3d3,bdce90482268,2026-09-22T11:25:40+00:00
2003-08-31,2003-07-31,0.48827940055613267,-1,1.0,2002-11-30,462,False,c1c7ebb7a0ce,f40c3d3,bdce90482268,2026-09-22T11:25:40+00:00
2003-09-30,2003-08-31,0.5645374606276515,1,1.0,2002-11-30,462,True,c1c7ebb7a0ce,f40c3d3,bdce90482268,2026-09-22T11:25:40+00:00
2003-10-31,2003-09-30,0.5037702871924156,1,1.0,2002-11-30,462,True,c1c7ebb7a0ce,f40c3d3,bdce90482268,2026-09-22T11:25:40+00:00
2003-11-30,2003-10-31,0.5554073343790382,1,1.0,2002-11-30,462,True,c1c7ebb7a0ce,f40c3d3,bdce90482268,2026-09-22T11:25:40+00:00
2003-12-31,2003-11-30,0.5579147238461516,1,1.0,2002-11-30,462,True,c1c7ebb7a0ce,f40c3d3,bdce90482268,2026-09-22T11:25:40+00:00
2004-01-31,2003-12-31,0.5598412143301846,1,1.0,2003-11-30,474,True,c1c7ebb7a0ce,f40c3d3,bdce90482268,2026-09-22T11:25:40+00:00
2004-02-29,2004-01-31,0.6084982817407324,1,1.0,2003-11-30,474,True,c1c7ebb7a0ce,f40c3d3,bdce90482268,2026-09-22T11:25:40+00:00
2004-03-31,2004-02-29,0.5869109183788614,1,1.0,2003-11-30,474,True,c1c7ebb7a0ce,f40c3d3,bdce90482268,2026-09-22T11:25:40+00:00
2004-04-30,2004-03-31,0.5759472292750607,1,0.0,2003-11-30,474,False,c1c7ebb7a0ce,f40c3d3,bdce90482268,2026-09-22T11:25:40+00:00
2004-05-31,2004-04-30,0.48160395473456147,-1,0.0,2003-11-30,474,True,c1c7ebb7a0ce,f40c3d3,bdce90482268,2026-09-22T11:25:40+00:00
2004-06-30,2004-05-31,0.5715860660691183,1,1.0,2003-11-30,474,True,c1c7ebb7a0ce,f40c3d3,bdce90482268,2026-09-22T11:25:40+00:00
2004-07-31,2004-06-30,0.6179774560166615,1,1.0,2003-11-30,474,True,c1c7ebb7a0ce,f40c3d3,bdce90482268,2026-09-22T11:25:40+00:00
2004-08-31,2004-07-31,0.6753812835869536,1,1.0,2003-11-30,474,True,c1c7ebb7a0ce,f40c3d3,bdce90482268,2026-09-22T11:25:40+00:00
2004-09-30,2004-08-31,0.6045963641707934,1,0.0,2003-11-30,474,False,c1c7ebb7a0ce,f40c3d3,bdce90482268,2026-09-22T11:25:40+00:00
2004-10-31,2004-09-30,0.5857212761703028,1,0.0,2003-11-30,474,False,c1c7ebb7a0ce,f40c3d3,bdce90482268,2026-09-22T11:25:40+00:00
2004-11-30,2004-10-31,0.5874190796000085,1,1.0,2003-11-30,474,True,c1c7ebb7a0ce,f40c3d3,bdce90482268,2026-09-22T11:25:40+00:00
2004-12-31,2004-11-30,0.6349704948672004,1,0.0,2003-11-30,474,False,c1c7ebb7a0ce,f40c3d3,bdce90482268,2026-09-22T11:25:40+00:00
2005-01-31,2004-12-31,0.5787609347658867,1,1.0,2004-11-30,486,True,c1c7ebb7a0ce,f40c3d3,bdce90482268,2026-09-22T11:25:40+00:00
2005-02-28,2005-01-31,0.626065454703076,1,1.0,2004-11-30,486,True,c1c7ebb7a0ce,f40c3d3,bdce90482268,2026-09-22T11:25:40+00:00
2005-03-31,2005-02-28,0.6051064608120377,1,1.0,2004-11-30,486,True,c1c7ebb7a0ce,f40c3d3,bdce90482268,2026-09-22T11:25:40+00:00
2005-04-30,2005-03-31,0.6169557150731957,1,1.0,2004-11-30,486,True,c1c7ebb7a0ce,f40c3d3,bdce90482268,2026-09-22T11:25:40+00:00
2005-05-31,2005-04-30,0.5756762699030705,1,0.0,2004-11-30,486,False,c1c7ebb7a0ce,f40c3d3,bdce90482268,2026-09-22T11:25:40+00:00
2005-06-30,2005-05-31,0.5692165586529435,1,1.0,2004-11-30,486,True,c1c7ebb7a0ce,f40c3d3,bdce90482268,2026-09-22T11:25:40+00:00
2005-07-31,2005-06-30,0.6710543010105,1,0.0,2004-11-30,486,False,c1c7ebb7a0ce,f40c3d3,bdce90482268,2026-09-22T11:25:40+00:00
2005-08-31,2005-07-31,0.5666453427449132,1,1.0,2004-11-30,486,True,c1c7ebb7a0ce,f40c3d3,bdce90482268,2026-09-22T11:25:40+00:00
2005-09-30,2005-08-31,0.6141817829682331,1,1.0,2004-11-30,486,True,c1c7ebb7a0ce,f40c3d3,bdce90482268,2026-09-22T11:25:40+00:00
2005-10-31,2005-09-30,0.6091354000970505,1,1.0,2004-11-30,486,True,c1c7ebb7a0ce,f40c3d3,bdce90482268,2026-09-22T11:25:40+00:00
2005-11-30,2005-10-31,0.5813729018508137,1,0.0,2004-11-30,486,False,c1c7ebb7a0ce,f40c3d3,bdce90482268,2026-09-22T11:25:40+00:00
2005-12-31,2005-11-30,0.5395246612179863,1,1.0,2004-11-30,486,True,c1c7ebb7a0ce,f40c3d3,bdce90482268,2026-09-22T11:25:40+00:00
2006-01-31,2005-12-31,0.5876875351787918,1,1.0,2005-11-30,498,True,c1c7ebb7a0ce,f40c3d3,bdce90482268,2026-09-22T11:25:40+00:00
2006-02-28,2006-01-31,0.614031039166366,1,0.0,2005-11-30,498,False,c1c7ebb7a0ce,f40c3d3,bdce90482268,2026-09-22T11:25:40+00:00
2006-03-31,2006-02-28,0.5642910793844258,1,1.0,2005-11-30,498,True,c1c7ebb7a0ce,f40c3d3,bdce90482268,2026-09-22T11:25:40+00:00
2006-04-30,2006-03-31,0.5813719666925687,1,1.0,2005-11-30,498,True,c1c7ebb7a0ce,f40c3d3,bdce90482268,2026-09-22T11:25:40+00:00
2006-05-31,2006-04-30,0.6349064636021031,1,1.0,2005-11-30,498,True,c1c7ebb7a0ce,f40c3d3,bdce90482268,2026-09-22T11:25:40+00:00
2006-06-30,2006-05-31,0.6299571204415123,1,1.0,2005-11-30,498,True,c1c7ebb7a0ce,f40c3d3,bdce90482268,2026-09-22T11:25:40+00:00
2006-07-31,2006-06-30,0.5567246257217685,1,1.0,2005-11-30,498,True,c1c7ebb7a0ce,f40c3d3,bdce90482268,2026-09-22T11:25:40+00:00
2006-08-31,2006-07-31,0.6190349917200265,1,0.0,2005-11-30,498,False,c1c7ebb7a0ce,f40c3d3,bdce90482268,2026-09-22T11:25:40+00:00
2006-09-30,2006-08-31,0.5033770183171156,1,1.0,2005-11-30,498,True,c1c7ebb7a0ce,f40c3d3,bdce90482268,2026-09-22T11:25:40+00:00
2006-10-31,2006-09-30,0.5805935762752242,1,0.0,2005-11-30,498,False,c1c7ebb7a0ce,f40c3d3,bdce90482268,2026-09-22T11:25:40+00:00
2006-11-30,2006-10-31,0.5932954641821513,1,1.0,2005-11-30,498,True,c1c7ebb7a0ce,f40c3d3,bdce90482268,2026-09-22T11:25:40+00:00
2006-12-31,2006-11-30,0.5917050572619306,1,1.0,2005-11-30,498,True,c1c7ebb7a0ce,f40c3d3,bdce90482268,2026-09-22T11:25:40+00:00
2007-01-31,2006-12-31,0.6745204783810991,1,0.0,2006-11-30,510,False,c1c7ebb7a0ce,f40c3d3,bdce90482268,2026-09-22T11:25:40+00:00
2007-02-28,2007-01-31,0.5759562492738997,1,0.0,2006-11-30,510,False,c1c7ebb7a0ce,f40c3d3,bdce90482268,2026-09-22T11:25:40+00:00
2007-03-31,2007-02-28,0.584878236141232,1,0.0,2006-11-30,510,False,c1c7ebb7a0ce,f40c3d3,bdce90482268,2026-09-22T11:25:40+00:00
2007-04-30,2007-03-31,0.5610104335395696,1,0.0,2006-11-30,510,False,c1c7ebb7a0ce,f40c3d3,bdce90482268,2026-09-22T11:25:40+00:00
2007-05-31,2007-04-30,0.5343371702813962,1,0.0,2006-11-30,510,False,c1c7ebb7a0ce,f40c3d3,bdce90482268,2026-09-22T11:25:40+00:00
2007-06-30,2007-05-31,0.5539439638194138,1,0.0,2006-11-30,510,False,c1c7ebb7a0ce,f40c3d3,bdce90482268,2026-09-22T11:25:40+00:00
2007-07-31,2007-06-30,0.535005409595997,1,0.0,2006-11-30,510,False,c1c7ebb7a0ce,f40c3d3,bdce90482268,2026-09-22T11:25:40+00:00
2007-08-31,2007-07-31,0.4296374100392361,-1,0.0,2006-11-30,510,True,c1c7ebb7a0ce,f40c3d3,bdce90482268,2026-09-22T11:25:40+00:00
2007-09-30,2007-08-31,0.48665507583042006,-1,0.0,2006-11-30,510,True,c1c7ebb7a0ce,f40c3d3,bdce90482268,2026-09-22T11:25:40+00:00
2007-10-31,2007-09-30,0.47797142014465693,-1,0.0,2006-11-30,510,True,c1c7ebb7a0ce,f40c3d3,bdce90482268,2026-09-22T11:25:40+00:00
2007-11-30,2007-10-31,0.4484238931452464,-1,0.0,2006-11-30,510,True,c1c7ebb7a0ce,f40c3d3,bdce90482268,2026-09-22T11:25:40+00:00
2007-12-31,2007-11-30,0.4815603985090921,-1,0.0,2006-11-30,510,True,c1c7ebb7a0ce,f40c3d3,bdce90482268,2026-09-22T11:25:40+00:00
2008-01-31,2007-12-31,0.4452506962990609,-1,1.0,2007-11-30,522,False,c1c7ebb7a0ce,f40c3d3,bdce90482268,2026-09-22T11:25:40+00:00
2008-02-29,2008-01-31,0.5832919775907598,1,0.0,2007-11-30,522,False,c1c7ebb7a0ce,f40c3d3,bdce90482268,2026-09-22T11:25:40+00:00
2008-03-31,2008-02-29,0.4296327152364003,-1,1.0,2007-11-30,522,False,c1c7ebb7a0ce,f40c3d3,bdce90482268,2026-09-22T11:25:40+00:00
2008-04-30,2008-03-31,0.4434759211606789,-1,0.0,2007-11-30,522,True,c1c7ebb7a0ce,f40c3d3,bdce90482268,2026-09-22T11:25:40+00:00
2008-05-31,2008-04-30,0.42237278374477233,-1,0.0,2007-11-30,522,True,c1c7ebb7a0ce,f40c3d3,bdce90482268,2026-09-22T11:25:40+00:00
2008-06-30,2008-05-31,0.41573998666509887,-1,0.0,2007-11-30,522,True,c1c7ebb7a0ce,f40c3d3,bdce90482268,2026-09-22T11:25:40+00:00
2008-07-31,2008-06-30,0.4052502608560576,-1,1.0,2007-11-30,522,False,c1c7ebb7a0ce,f40c3d3,bdce90482268,2026-09-22T11:25:40+00:00
2008-08-31,2008-07-31,0.7746560911318626,1,1.0,2007-11-30,522,True,c1c7ebb7a0ce,f40c3d3,bdce90482268,2026-09-22T11:25:40+00:00
2008-09-30,2008-08-31,0.6937883014067738,1,1.0,2007-11-30,522,True,c1c7ebb7a0ce,f40c3d3,bdce90482268,2026-09-22T11:25:40+00:00
2008-10-31,2008-09-30,0.8132345025488769,1,0.0,2007-11-30,522,False,c1c7ebb7a0ce,f40c3d3,bdce90482268,2026-09-22T11:25:40+00:00
2008-11-30,2008-10-31,0.45335772960534043,-1,0.0,2007-11-30,522,True,c1c7ebb7a0ce,f40c3d3,bdce90482268,2026-09-22T11:25:40+00:00
2008-12-31,2008-11-30,0.3124097310993007,-1,1.0,2007-11-30,522,False,c1c7ebb7a0ce,f40c3d3,bdce90482268,2026-09-22T11:25:40+00:00
2009-01-31,2008-12-31,0.5062920348234098,1,0.0,2008-11-30,534,False,c1c7ebb7a0ce,f40c3d3,bdce90482268,2026-09-22T11:25:40+00:00
2009-02-28,2009-01-31,0.2565867912713289,-1,0.0,2008-11-30,534,True,c1c7ebb7a0ce,f40c3d3,bdce90482268,2026-09-22T11:25:40+00:00
2009-03-31,2009-02-28,0.40435056638373157,-1,1.0,2008-11-30,534,False,c1c7ebb7a0ce,f40c3d3,bdce90482268,2026-09-22T11:25:40+00:00
2009-04-30,2009-03-31,0.7401487216755446,1,1.0,2008-11-30,534,True,c1c7ebb7a0ce,f40c3d3,bdce90482268,2026-09-22T11:25:40+00:00
2009-05-31,2009-04-30,0.7277959246279471,1,1.0,2008-11-30,534,True,c1c7ebb7a0ce,f40c3d3,bdce90482268,2026-09-22T11:25:40+00:00
2009-06-30,2009-05-31,0.5857992394585471,1,0.0,2008-11-30,534,False,c1c7ebb7a0ce,f40c3d3,bdce90482268,2026-09-22T11:25:40+00:00
2009-07-31,2009-06-30,0.5278553848227032,1,1.0,2008-11-30,534,True,c1c7ebb7a0ce,f40c3d3,bdce90482268,2026-09-22T11:25:40+00:00
2009-08-31,2009-07-31,0.6790603980173088,1,1.0,2008-11-30,534,True,c1c7ebb7a0ce,f40c3d3,bdce90482268,2026-09-22T11:25:40+00:00
2009-09-30,2009-08-31,0.7191073163257367,1,1.0,2008-11-30,534,True,c1c7ebb7a0ce,f40c3d3,bdce90482268,2026-09-22T11:25:40+00:00
2009-10-31,2009-09-30,0.5344944770784013,1,0.0,2008-11-30,534,False,c1c7ebb7a0ce,f40c3d3,bdce90482268,2026-09-22T11:25:40+00:00
2009-11-30,2009-10-31,0.441018939243558,-1,0.0,2008-11-30,534,True,c1c7ebb7a0ce,f40c3d3,bdce90482268,2026-09-22T11:25:40+00:00
2009-12-31,2009-11-30,0.5970687100478229,1,0.0,2008-11-30,534,False,c1c7ebb7a0ce,f40c3d3,bdce90482268,2026-09-22T11:25:40+00:00
2010-01-31,2009-12-31,0.5847346915006195,1,1.0,2009-11-30,546,True,c1c7ebb7a0ce,f40c3d3,bdce90482268,2026-09-22T11:25:40+00:00
2010-02-28,2010-01-31,0.6052887924753888,1,1.0,2009-11-30,546,True,c1c7ebb7a0ce,f40c3d3,bdce90482268,2026-09-22T11:25:40+00:00
2010-03-31,2010-02-28,0.690021893476462,1,1.0,2009-11-30,546,True,c1c7ebb7a0ce,f40c3d3,bdce90482268,2026-09-22T11:25:40+00:00
2010-04-30,2010-03-31,0.6407862079235616,1,1.0,2009-11-30,546,True,c1c7ebb7a0ce,f40c3d3,bdce90482268,2026-09-22T11:25:40+00:00
2010-05-31,2010-04-30,0.6494440437226205,1,0.0,2009-11-30,546,False,c1c7ebb7a0ce,f40c3d3,bdce90482268,2026-09-22T11:25:40+00:00
2010-06-30,2010-05-31,0.49212646637625557,-1,0.0,2009-11-30,546,True,c1c7ebb7a0ce,f40c3d3,bdce90482268,2026-09-22T11:25:40+00:00
2010-07-31,2010-06-30,0.4450772641970611,-1,0.0,2009-11-30,546,True,c1c7ebb7a0ce,f40c3d3,bdce90482268,2026-09-22T11:25:40+00:00
2010-08-31,2010-07-31,0.5525516010371784,1,0.0,2009-11-30,546,False,c1c7ebb7a0ce,f40c3d3,bdce90482268,2026-09-22T11:25:40+00:00
2010-09-30,2010-08-31,0.4840039209864619,-1,0.0,2009-11-30,546,True,c1c7ebb7a0ce,f40c3d3,bdce90482268,2026-09-22T11:25:40+00:00
2010-10-31,2010-09-30,0.4257430916484086,-1,0.0,2009-11-30,546,True,c1c7ebb7a0ce,f40c3d3,bdce90482268,2026-09-22T11:25:40+00:00
2010-11-30,2010-10-31,0.47102251530664013,-1,0.0,2009-11-30,546,True,c1c7ebb7a0ce,f40c3d3,bdce90482268,2026-09-22T11:25:40+00:00
2010-12-31,2010-11-30,0.5274957515701215,1,1.0,2009-11-30,546,True,c1c7ebb7a0ce,f40c3d3,bdce90482268,2026-09-22T11:25:40+00:00
2011-01-31,2010-12-31,0.640934510379383,1,1.0,2010-11-30,558,True,c1c7ebb7a0ce,f40c3d3,bdce90482268,2026-09-22T11:25:40+00:00
2011-02-28,2011-01-31,0.5258095799454838,1,1.0,2010-11-30,558,True,c1c7ebb7a0ce,f40c3d3,bdce90482268,2026-09-22T11:25:40+00:00
2011-03-31,2011-02-28,0.5212499289822311,1,0.0,2010-11-30,558,False,c1c7ebb7a0ce,f40c3d3,bdce90482268,2026-09-22T11:25:40+00:00
2011-04-30,2011-03-31,0.43105986231586146,-1,0.0,2010-11-30,558,True,c1c7ebb7a0ce,f40c3d3,bdce90482268,2026-09-22T11:25:40+00:00
2011-05-31,2011-04-30,0.4139429462662182,-1,0.0,2010-11-30,558,True,c1c7ebb7a0ce,f40c3d3,bdce90482268,2026-09-22T11:25:40+00:00
2011-06-30,2011-05-31,0.448539013560586,-1,0.0,2010-11-30,558,True,c1c7ebb7a0ce,f40c3d3,bdce90482268,2026-09-22T11:25:40+00:00
2011-07-31,2011-06-30,0.5077254681838115,1,0.0,2010-11-30,558,False,c1c7ebb7a0ce,f40c3d3,bdce90482268,2026-09-22T11:25:40+00:00
2011-08-31,2011-07-31,0.47576710057481375,-1,0.0,2010-11-30,558,True,c1c7ebb7a0ce,f40c3d3,bdce90482268,2026-09-22T11:25:40+00:00
2011-09-30,2011-08-31,0.32808695171710545,-1,0.0,2010-11-30,558,True,c1c7ebb7a0ce,f40c3d3,bdce90482268,2026-09-22T11:25:40+00:00
2011-10-31,2011-09-30,0.37472364680256387,-1,1.0,2010-11-30,558,False,c1c7ebb7a0ce,f40c3d3,bdce90482268,2026-09-22T11:25:40+00:00
2011-11-30,2011-10-31,0.4103153442510019,-1,0.0,2010-11-30,558,True,c1c7ebb7a0ce,f40c3d3,bdce90482268,2026-09-22T11:25:40+00:00
2011-12-31,2011-11-30,0.4247029227837017,-1,1.0,2010-11-30,558,False,c1c7ebb7a0ce,f40c3d3,bdce90482268,2026-09-22T11:25:40+00:00
2012-01-31,2011-12-31,0.47007386178743665,-1,0.0,2011-11-30,570,True,c1c7ebb7a0ce,f40c3d3,bdce90482268,2026-09-22T11:25:40+00:00
2012-02-29,2012-01-31,0.42161201471021215,-1,1.0,2011-11-30,570,False,c1c7ebb7a0ce,f40c3d3,bdce90482268,2026-09-22T11:25:40+00:00
2012-03-31,2012-02-29,0.5146872526665145,1,1.0,2011-11-30,570,True,c1c7ebb7a0ce,f40c3d3,bdce90482268,2026-09-22T11:25:40+00:00
2012-04-30,2012-03-31,0.5659653336006379,1,0.0,2011-11-30,570,False,c1c7ebb7a0ce,f40c3d3,bdce90482268,2026-09-22T11:25:40+00:00
2012-05-31,2012-04-30,0.492371250292751,-1,0.0,2011-11-30,570,True,c1c7ebb7a0ce,f40c3d3,bdce90482268,2026-09-22T11:25:40+00:00
2012-06-30,2012-05-31,0.5026950934666748,1,1.0,2011-11-30,570,True,c1c7ebb7a0ce,f40c3d3,bdce90482268,2026-09-22T11:25:40+00:00
2012-07-31,2012-06-30,0.5269367543798257,1,0.0,2011-11-30,570,False,c1c7ebb7a0ce,f40c3d3,bdce90482268,2026-09-22T11:25:40+00:00
2012-08-31,2012-07-31,0.5077471737423531,1,1.0,2011-11-30,570,True,c1c7ebb7a0ce,f40c3d3,bdce90482268,2026-09-22T11:25:40+00:00
2012-09-30,2012-08-31,0.535939102164468,1,1.0,2011-11-30,570,True,c1c7ebb7a0ce,f40c3d3,bdce90482268,2026-09-22T11:25:40+00:00
2012-10-31,2012-09-30,0.5779389927175986,1,1.0,2011-11-30,570,True,c1c7ebb7a0ce,f40c3d3,bdce90482268,2026-09-22T11:25:40+00:00
2012-11-30,2012-10-31,0.651261931887191,1,0.0,2011-11-30,570,False,c1c7ebb7a0ce,f40c3d3,bdce90482268,2026-09-22T11:25:40+00:00
2012-12-31,2012-11-30,0.5075368473864537,1,1.0,2011-11-30,570,True,c1c7ebb7a0ce,f40c3d3,bdce90482268,2026-09-22T11:25:40+00:00
2013-01-31,2012-12-31,0.6413683004910575,1,1.0,2012-11-30,582,True,c1c7ebb7a0ce,f40c3d3,bdce90482268,2026-09-22T11:25:40+00:00
2013-02-28,2013-01-31,0.5816512730759563,1,1.0,2012-11-30,582,True,c1c7ebb7a0ce,f40c3d3,bdce90482268,2026-09-22T11:25:40+00:00
2013-03-31,2013-02-28,0.5549815954220572,1,0.0,2012-11-30,582,False,c1c7ebb7a0ce,f40c3d3,bdce90482268,2026-09-22T11:25:40+00:00
2013-04-30,2013-03-31,0.565885458429424,1,1.0,2012-11-30,582,True,c1c7ebb7a0ce,f40c3d3,bdce90482268,2026-09-22T11:25:40+00:00
2013-05-31,2013-04-30,0.5860225308434861,1,1.0,2012-11-30,582,True,c1c7ebb7a0ce,f40c3d3,bdce90482268,2026-09-22T11:25:40+00:00
2013-06-30,2013-05-31,0.647148308066164,1,0.0,2012-11-30,582,False,c1c7ebb7a0ce,f40c3d3,bdce90482268,2026-09-22T11:25:40+00:00
2013-07-31,2013-06-30,0.5491086432189157,1,1.0,2012-11-30,582,True,c1c7ebb7a0ce,f40c3d3,bdce90482268,2026-09-22T11:25:40+00:00
2013-08-31,2013-07-31,0.5831484332116149,1,0.0,2012-11-30,582,False,c1c7ebb7a0ce,f40c3d3,bdce90482268,2026-09-22T11:25:40+00:00
2013-09-30,2013-08-31,0.5038347060392095,1,0.0,2012-11-30,582,False,c1c7ebb7a0ce,f40c3d3,bdce90482268,2026-09-22T11:25:40+00:00
2013-10-31,2013-09-30,0.5756600888688554,1,1.0,2012-11-30,582,True,c1c7ebb7a0ce,f40c3d3,bdce90482268,2026-09-22T11:25:40+00:00
2013-11-30,2013-10-31,0.6036649537816773,1,1.0,2012-11-30,582,True,c1c7ebb7a0ce,f40c3d3,bdce90482268,2026-09-22T11:25:40+00:00
2013-12-31,2013-11-30,0.5568959184324509,1,0.0,2012-11-30,582,False,c1c7ebb7a0ce,f40c3d3,bdce90482268,2026-09-22T11:25:40+00:00
2014-01-31,2013-12-31,0.5128255445026706,1,0.0,2013-11-30,594,False,c1c7ebb7a0ce,f40c3d3,bdce90482268,2026-09-22T11:25:40+00:00
2014-02-28,2014-01-31,0.4745355133443343,-1,0.0,2013-11-30,594,True,c1c7ebb7a0ce,f40c3d3,bdce90482268,2026-09-22T11:25:40+00:00
2014-03-31,2014-02-28,0.5211527103135981,1,1.0,2013-11-30,594,True,c1c7ebb7a0ce,f40c3d3,bdce90482268,2026-09-22T11:25:40+00:00
2014-04-30,2014-03-31,0.6852648035035338,1,1.0,2013-11-30,594,True,c1c7ebb7a0ce,f40c3d3,bdce90482268,2026-09-22T11:25:40+00:00
2014-05-31,2014-04-30,0.5551389923368139,1,0.0,2013-11-30,594,False,c1c7ebb7a0ce,f40c3d3,bdce90482268,2026-09-22T11:25:40+00:00
2014-06-30,2014-05-31,0.5121579428395544,1,0.0,2013-11-30,594,False,c1c7ebb7a0ce,f40c3d3,bdce90482268,2026-09-22T11:25:40+00:00
2014-07-31,2014-06-30,0.5304007142579638,1,0.0,2013-11-30,594,False,c1c7ebb7a0ce,f40c3d3,bdce90482268,2026-09-22T11:25:40+00:00
2014-08-31,2014-07-31,0.5724576180488445,1,0.0,2013-11-30,594,False,c1c7ebb7a0ce,f40c3d3,bdce90482268,2026-09-22T11:25:40+00:00
2014-09-30,2014-08-31,0.5594931396368614,1,0.0,2013-11-30,594,False,c1c7ebb7a0ce,f40c3d3,bdce90482268,2026-09-22T11:25:40+00:00
2014-10-31,2014-09-30,0.5341942792298869,1,0.0,2013-11-30,594,False,c1c7ebb7a0ce,f40c3d3,bdce90482268,2026-09-22T11:25:40+00:00
2014-11-30,2014-10-31,0.5002920441898144,1,0.0,2013-11-30,594,False,c1c7ebb7a0ce,f40c3d3,bdce90482268,2026-09-22T11:25:40+00:00
2014-12-31,2014-11-30,0.47523886101738433,-1,1.0,2013-11-30,594,False,c1c7ebb7a0ce,f40c3d3,bdce90482268,2026-09-22T11:25:40+00:00
2015-01-31,2014-12-31,0.609592704330136,1,0.0,2014-11-30,606,False,c1c7ebb7a0ce,f40c3d3,bdce90482268,2026-09-22T11:25:40+00:00
2015-02-28,2015-01-31,0.4390211828724702,-1,0.0,2014-11-30,606,True,c1c7ebb7a0ce,f40c3d3,bdce90482268,2026-09-22T11:25:40+00:00
2015-03-31,2015-02-28,0.47761341511080674,-1,0.0,2014-11-30,606,True,c1c7ebb7a0ce,f40c3d3,bdce90482268,2026-09-22T11:25:40+00:00
2015-04-30,2015-03-31,0.5333460696642716,1,1.0,2014-11-30,606,True,c1c7ebb7a0ce,f40c3d3,bdce90482268,2026-09-22T11:25:40+00:00
2015-05-31,2015-04-30,0.5891480411833578,1,0.0,2014-11-30,606,False,c1c7ebb7a0ce,f40c3d3,bdce90482268,2026-09-22T11:25:40+00:00
2015-06-30,2015-05-31,0.4740136697780151,-1,0.0,2014-11-30,606,True,c1c7ebb7a0ce,f40c3d3,bdce90482268,2026-09-22T11:25:40+00:00
2015-07-31,2015-06-30,0.4888126536479638,-1,0.0,2014-11-30,606,True,c1c7ebb7a0ce,f40c3d3,bdce90482268,2026-09-22T11:25:40+00:00
2015-08-31,2015-07-31,0.39238139557342183,-1,1.0,2014-11-30,606,False,c1c7ebb7a0ce,f40c3d3,bdce90482268,2026-09-22T11:25:40+00:00
2015-09-30,2015-08-31,0.5973060045584196,1,1.0,2014-11-30,606,True,c1c7ebb7a0ce,f40c3d3,bdce90482268,2026-09-22T11:25:40+00:00
2015-10-31,2015-09-30,0.5178545897578256,1,0.0,2014-11-30,606,False,c1c7ebb7a0ce,f40c3d3,bdce90482268,2026-09-22T11:25:40+00:00
2015-11-30,2015-10-31,0.45806865090216276,-1,0.0,2014-11-30,606,True,c1c7ebb7a0ce,f40c3d3,bdce90482268,2026-09-22T11:25:40+00:00
2015-12-31,2015-11-30,0.5320473070833066,1,0.0,2014-11-30,606,False,c1c7ebb7a0ce,f40c3d3,bdce90482268,2026-09-22T11:25:40+00:00
2016-01-31,2015-12-31,0.44761591304906234,-1,1.0,2015-11-30,618,False,c1c7ebb7a0ce,f40c3d3,bdce90482268,2026-09-22T11:25:40+00:00
2016-02-29,2016-01-31,0.5927715856790094,1,0.0,2015-11-30,618,False,c1c7ebb7a0ce,f40c3d3,bdce90482268,2026-09-22T11:25:40+00:00
2016-03-31,2016-02-29,0.5043499316915483,1,1.0,2015-11-30,618,True,c1c7ebb7a0ce,f40c3d3,bdce90482268,2026-09-22T11:25:40+00:00
2016-04-30,2016-03-31,0.5426419793975116,1,1.0,2015-11-30,618,True,c1c7ebb7a0ce,f40c3d3,bdce90482268,2026-09-22T11:25:40+00:00
2016-05-31,2016-04-30,0.6432917718041182,1,0.0,2015-11-30,618,False,c1c7ebb7a0ce,f40c3d3,bdce90482268,2026-09-22T11:25:40+00:00
2016-06-30,2016-05-31,0.5019327778682291,1,0.0,2015-11-30,618,False,c1c7ebb7a0ce,f40c3d3,bdce90482268,2026-09-22T11:25:40+00:00
2016-07-31,2016-06-30,0.5019934308920146,1,0.0,2015-11-30,618,False,c1c7ebb7a0ce,f40c3d3,bdce90482268,2026-09-22T11:25:40+00:00
2016-08-31,2016-07-31,0.5541089928290547,1,1.0,2015-11-30,618,True,c1c7ebb7a0ce,f40c3d3,bdce90482268,2026-09-22T11:25:40+00:00
2016-09-30,2016-08-31,0.6532960705858109,1,0.0,2015-11-30,618,False,c1c7ebb7a0ce,f40c3d3,bdce90482268,2026-09-22T11:25:40+00:00
2016-10-31,2016-09-30,0.5152461491373075,1,1.0,2015-11-30,618,True,c1c7ebb7a0ce,f40c3d3,bdce90482268,2026-09-22T11:25:40+00:00
2016-11-30,2016-10-31,0.6804046267522142,1,1.0,2015-11-30,618,True,c1c7ebb7a0ce,f40c3d3,bdce90482268,2026-09-22T11:25:40+00:00
2016-12-31,2016-11-30,0.778591921161233,1,1.0,2015-11-30,618,True,c1c7ebb7a0ce,f40c3d3,bdce90482268,2026-09-22T11:25:40+00:00
2017-01-31,2016-12-31,0.660340025497666,1,0.0,2016-11-30,630,False,c1c7ebb7a0ce,f40c3d3,bdce90482268,2026-09-22T11:25:40+00:00
2017-02-28,2017-01-31,0.495880582814577,-1,0.0,2016-11-30,630,True,c1c7ebb7a0ce,f40c3d3,bdce90482268,2026-09-22T11:25:40+00:00
2017-03-31,2017-02-28,0.5993250852261711,1,0.0,2016-11-30,630,False,c1c7ebb7a0ce,f40c3d3,bdce90482268,2026-09-22T11:25:40+00:00
2017-04-30,2017-03-31,0.5807806793398184,1,0.0,2016-11-30,630,False,c1c7ebb7a0ce,f40c3d3,bdce90482268,2026-09-22T11:25:40+00:00
2017-05-31,2017-04-30,0.5823635607563771,1,0.0,2016-11-30,630,False,c1c7ebb7a0ce,f40c3d3,bdce90482268,2026-09-22T11:25:40+00:00
2017-06-30,2017-05-31,0.5290902023567774,1,1.0,2016-11-30,630,True,c1c7ebb7a0ce,f40c3d3,bdce90482268,2026-09-22T11:25:40+00:00
2017-07-31,2017-06-30,0.6939999989448257,1,0.0,2016-11-30,630,False,c1c7ebb7a0ce,f40c3d3,bdce90482268,2026-09-22T11:25:40+00:00
2017-08-31,2017-07-31,0.6455617863408284,1,0.0,2016-11-30,630,False,c1c7ebb7a0ce,f40c3d3,bdce90482268,2026-09-22T11:25:40+00:00
2017-09-30,2017-08-31,0.5397689539049343,1,1.0,2016-11-30,630,True,c1c7ebb7a0ce,f40c3d3,bdce90482268,2026-09-22T11:25:40+00:00
2017-10-31,2017-09-30,0.6834129221153928,1,1.0,2016-11-30,630,True,c1c7ebb7a0ce,f40c3d3,bdce90482268,2026-09-22T11:25:40+00:00
2017-11-30,2017-10-31,0.5571915830729747,1,0.0,2016-11-30,630,False,c1c7ebb7a0ce,f40c3d3,bdce90482268,2026-09-22T11:25:40+00:00
2017-12-31,2017-11-30,0.5161649197458236,1,1.0,2016-11-30,630,True,c1c7ebb7a0ce,f40c3d3,bdce90482268,2026-09-22T11:25:40+00:00
2018-01-31,2017-12-31,0.5165831768235456,1,0.0,2017-11-30,642,False,c1c7ebb7a0ce,f40c3d3,bdce90482268,2026-09-22T11:25:40+00:00
2018-02-28,2018-01-31,0.46911442991960406,-1,0.0,2017-11-30,642,True,c1c7ebb7a0ce,f40c3d3,bdce90482268,2026-09-22T11:25:40+00:00
2018-03-31,2018-02-28,0.43472250973964177,-1,0.0,2017-11-30,642,True,c1c7ebb7a0ce,f40c3d3,bdce90482268,2026-09-22T11:25:40+00:00
2018-04-30,2018-03-31,0.4565425600085675,-1,1.0,2017-11-30,642,False,c1c7ebb7a0ce,f40c3d3,bdce90482268,2026-09-22T11:25:40+00:00
2018-05-31,2018-04-30,0.47639835226168603,-1,0.0,2017-11-30,642,True,c1c7ebb7a0ce,f40c3d3,bdce90482268,2026-09-22T11:25:40+00:00
2018-06-30,2018-05-31,0.41273098765528055,-1,0.0,2017-11-30,642,True,c1c7ebb7a0ce,f40c3d3,bdce90482268,2026-09-22T11:25:40+00:00
2018-07-31,2018-06-30,0.46449857445829845,-1,1.0,2017-11-30,642,False,c1c7ebb7a0ce,f40c3d3,bdce90482268,2026-09-22T11:25:40+00:00
2018-08-31,2018-07-31,0.5866403520455014,1,0.0,2017-11-30,642,False,c1c7ebb7a0ce,f40c3d3,bdce90482268,2026-09-22T11:25:40+00:00
2018-09-30,2018-08-31,0.4440383120666433,-1,0.0,2017-11-30,642,True,c1c7ebb7a0ce,f40c3d3,bdce90482268,2026-09-22T11:25:40+00:00
2018-10-31,2018-09-30,0.5038668945020826,1,1.0,2017-11-30,642,True,c1c7ebb7a0ce,f40c3d3,bdce90482268,2026-09-22T11:25:40+00:00
2018-11-30,2018-10-31,0.645077644411173,1,1.0,2017-11-30,642,True,c1c7ebb7a0ce,f40c3d3,bdce90482268,2026-09-22T11:25:40+00:00
2018-12-31,2018-11-30,0.49624806296343704,-1,0.0,2017-11-30,642,True,c1c7ebb7a0ce,f40c3d3,bdce90482268,2026-09-22T11:25:40+00:00
2019-01-31,2018-12-31,0.38507155489696415,-1,0.0,2018-11-30,654,True,c1c7ebb7a0ce,f40c3d3,bdce90482268,2026-09-22T11:25:40+00:00
2019-02-28,2019-01-31,0.47506272942164207,-1,0.0,2018-11-30,654,True,c1c7ebb7a0ce,f40c3d3,bdce90482268,2026-09-22T11:25:40+00:00
2019-03-31,2019-02-28,0.41194454172842815,-1,0.0,2018-11-30,654,True,c1c7ebb7a0ce,f40c3d3,bdce90482268,2026-09-22T11:25:40+00:00
2019-04-30,2019-03-31,0.38828545754016375,-1,1.0,2018-11-30,654,False,c1c7ebb7a0ce,f40c3d3,bdce90482268,2026-09-22T11:25:40+00:00
2019-05-31,2019-04-30,0.6047356062160123,1,0.0,2018-11-30,654,False,c1c7ebb7a0ce,f40c3d3,bdce90482268,2026-09-22T11:25:40+00:00
2019-06-30,2019-05-31,0.447111472630517,-1,0.0,2018-11-30,654,True,c1c7ebb7a0ce,f40c3d3,bdce90482268,2026-09-22T11:25:40+00:00
2019-07-31,2019-06-30,0.4817306606422037,-1,1.0,2018-11-30,654,False,c1c7ebb7a0ce,f40c3d3,bdce90482268,2026-09-22T11:25:40+00:00
2019-08-31,2019-07-31,0.5425736894477271,1,0.0,2018-11-30,654,False,c1c7ebb7a0ce,f40c3d3,bdce90482268,2026-09-22T11:25:40+00:00
2019-09-30,2019-08-31,0.367059073299391,-1,1.0,2018-11-30,654,False,c1c7ebb7a0ce,f40c3d3,bdce90482268,2026-09-22T11:25:40+00:00
2019-10-31,2019-09-30,0.7309311258005944,1,0.0,2018-11-30,654,False,c1c7ebb7a0ce,f40c3d3,bdce90482268,2026-09-22T11:25:40+00:00
2019-11-30,2019-10-31,0.41850805762111093,-1,0.0,2018-11-30,654,True,c1c7ebb7a0ce,f40c3d3,bdce90482268,2026-09-22T11:25:40+00:00
2019-12-31,2019-11-30,0.4177229231955754,-1,1.0,2018-11-30,654,False,c1c7ebb7a0ce,f40c3d3,bdce90482268,2026-09-22T11:25:40+00:00
2020-01-31,2019-12-31,0.5498441183990025,1,0.0,2019-11-30,666,False,c1c7ebb7a0ce,f40c3d3,bdce90482268,2026-09-22T11:25:40+00:00
2020-02-29,2020-01-31,0.33664269247391126,-1,0.0,2019-11-30,666,True,c1c7ebb7a0ce,f40c3d3,bdce90482268,2026-09-22T11:25:40+00:00
2020-03-31,2020-02-29,0.3887943796439172,-1,0.0,2019-11-30,666,True,c1c7ebb7a0ce,f40c3d3,bdce90482268,2026-09-22T11:25:40+00:00
2020-04-30,2020-03-31,0.10160827561841745,-1,0.0,2019-11-30,666,True,c1c7ebb7a0ce,f40c3d3,bdce90482268,2026-09-22T11:25:40+00:00
2020-05-31,2020-04-30,0.34103328970131014,-1,0.0,2019-11-30,666,True,c1c7ebb7a0ce,f40c3d3,bdce90482268,2026-09-22T11:25:40+00:00
2020-06-30,2020-05-31,0.2582173162301179,-1,0.0,2019-11-30,666,True,c1c7ebb7a0ce,f40c3d3,bdce90482268,2026-09-22T11:25:40+00:00
2020-07-31,2020-06-30,0.40581539494706653,-1,0.0,2019-11-30,666,True,c1c7ebb7a0ce,f40c3d3,bdce90482268,2026-09-22T11:25:40+00:00
2020-08-31,2020-07-31,0.45447870184271794,-1,0.0,2019-11-30,666,True,c1c7ebb7a0ce,f40c3d3,bdce90482268,2026-09-22T11:25:40+00:00
2020-09-30,2020-08-31,0.38586779496062706,-1,0.0,2019-11-30,666,True,c1c7ebb7a0ce,f40c3d3,bdce90482268,2026-09-22T11:25:40+00:00
2020-10-31,2020-09-30,0.3686901750526491,-1,1.0,2019-11-30,666,False,c1c7ebb7a0ce,f40c3d3,bdce90482268,2026-09-22T11:25:40+00:00
2020-11-30,2020-10-31,0.5486812599195982,1,1.0,2019-11-30,666,True,c1c7ebb7a0ce,f40c3d3,bdce90482268,2026-09-22T11:25:40+00:00
2020-12-31,2020-11-30,0.4566963610827413,-1,0.0,2019-11-30,666,True,c1c7ebb7a0ce,f40c3d3,bdce90482268,2026-09-22T11:25:40+00:00
2021-01-31,2020-12-31,0.29385228092894633,-1,1.0,2020-11-30,678,False,c1c7ebb7a0ce,f40c3d3,bdce90482268,2026-09-22T11:25:40+00:00
2021-02-28,2021-01-31,0.47296552707636763,-1,1.0,2020-11-30,678,False,c1c7ebb7a0ce,f40c3d3,bdce90482268,2026-09-22T11:25:40+00:00
2021-03-31,2021-02-28,0.5690685796027992,1,1.0,2020-11-30,678,True,c1c7ebb7a0ce,f40c3d3,bdce90482268,2026-09-22T11:25:40+00:00
2021-04-30,2021-03-31,0.5469612867444169,1,0.0,2020-11-30,678,False,c1c7ebb7a0ce,f40c3d3,bdce90482268,2026-09-22T11:25:40+00:00
2021-05-31,2021-04-30,0.35935309704773116,-1,1.0,2020-11-30,678,False,c1c7ebb7a0ce,f40c3d3,bdce90482268,2026-09-22T11:25:40+00:00
2021-06-30,2021-05-31,0.6736506495173193,1,0.0,2020-11-30,678,False,c1c7ebb7a0ce,f40c3d3,bdce90482268,2026-09-22T11:25:40+00:00
2021-07-31,2021-06-30,0.30958538964831306,-1,0.0,2020-11-30,678,True,c1c7ebb7a0ce,f40c3d3,bdce90482268,2026-09-22T11:25:40+00:00
2021-08-31,2021-07-31,0.4982209173773723,-1,0.0,2020-11-30,678,True,c1c7ebb7a0ce,f40c3d3,bdce90482268,2026-09-22T11:25:40+00:00
2021-09-30,2021-08-31,0.6179809881128185,1,1.0,2020-11-30,678,True,c1c7ebb7a0ce,f40c3d3,bdce90482268,2026-09-22T11:25:40+00:00
2021-10-31,2021-09-30,0.733955471857574,1,0.0,2020-11-30,678,False,c1c7ebb7a0ce,f40c3d3,bdce90482268,2026-09-22T11:25:40+00:00
2021-11-30,2021-10-31,0.5100718186171375,1,0.0,2020-11-30,678,False,c1c7ebb7a0ce,f40c3d3,bdce90482268,2026-09-22T11:25:40+00:00
2021-12-31,2021-11-30,0.5333634253762586,1,1.0,2020-11-30,678,True,c1c7ebb7a0ce,f40c3d3,bdce90482268,2026-09-22T11:25:40+00:00
2022-01-31,2021-12-31,0.6380611752780007,1,1.0,2021-11-30,690,True,c1c7ebb7a0ce,f40c3d3,bdce90482268,2026-09-22T11:25:40+00:00
2022-02-28,2022-01-31,0.8552932707555758,1,1.0,2021-11-30,690,True,c1c7ebb7a0ce,f40c3d3,bdce90482268,2026-09-22T11:25:40+00:00
2022-03-31,2022-02-28,0.5764915616058411,1,0.0,2021-11-30,690,False,c1c7ebb7a0ce,f40c3d3,bdce90482268,2026-09-22T11:25:40+00:00
2022-04-30,2022-03-31,0.4063728686848064,-1,1.0,2021-11-30,690,False,c1c7ebb7a0ce,f40c3d3,bdce90482268,2026-09-22T11:25:40+00:00
2022-05-31,2022-04-30,0.7401773178824943,1,1.0,2021-11-30,690,True,c1c7ebb7a0ce,f40c3d3,bdce90482268,2026-09-22T11:25:40+00:00
2022-06-30,2022-05-31,0.7390843628872222,1,0.0,2021-11-30,690,False,c1c7ebb7a0ce,f40c3d3,bdce90482268,2026-09-22T11:25:40+00:00
2022-07-31,2022-06-30,0.36437692756275836,-1,0.0,2021-11-30,690,True,c1c7ebb7a0ce,f40c3d3,bdce90482268,2026-09-22T11:25:40+00:00
2022-08-31,2022-07-31,0.4756337125870394,-1,0.0,2021-11-30,690,True,c1c7ebb7a0ce,f40c3d3,bdce90482268,2026-09-22T11:25:40+00:00
2022-09-30,2022-08-31,0.6588896720031822,1,0.0,2021-11-30,690,False,c1c7ebb7a0ce,f40c3d3,bdce90482268,2026-09-22T11:25:40+00:00
2022-10-31,2022-09-30,0.628657993568757,1,1.0,2021-11-30,690,True,c1c7ebb7a0ce,f40c3d3,bdce90482268,2026-09-22T11:25:40+00:00
2022-11-30,2022-10-31,0.7740109288138687,1,1.0,2021-11-30,690,True,c1c7ebb7a0ce,f40c3d3,bdce90482268,2026-09-22T11:25:40+00:00
2022-12-31,2022-11-30,0.5913990292465995,1,1.0,2021-11-30,690,True,c1c7ebb7a0ce,f40c3d3,bdce90482268,2026-09-22T11:25:40+00:00
2023-01-31,2022-12-31,0.6045148070462567,1,0.0,2022-11-30,702,False,c1c7ebb7a0ce,f40c3d3,bdce90482268,2026-09-22T11:25:40+00:00
2023-02-28,2023-01-31,0.4412926456153492,-1,0.0,2022-11-30,702,True,c1c7ebb7a0ce,f40c3d3,bdce90482268,2026-09-22T11:25:40+00:00
2023-03-31,2023-02-28,0.5468175956021935,1,0.0,2022-11-30,702,False,c1c7ebb7a0ce,f40c3d3,bdce90482268,2026-09-22T11:25:40+00:00
2023-04-30,2023-03-31,0.34225284664531647,-1,0.0,2022-11-30,702,True,c1c7ebb7a0ce,f40c3d3,bdce90482268,2026-09-22T11:25:40+00:00
2023-05-31,2023-04-30,0.5478898047256522,1,0.0,2022-11-30,702,False,c1c7ebb7a0ce,f40c3d3,bdce90482268,2026-09-22T11:25:40+00:00
2023-06-30,2023-05-31,0.32259954811670005,-1,0.0,2022-11-30,702,True,c1c7ebb7a0ce,f40c3d3,bdce90482268,2026-09-22T11:25:40+00:00
2023-07-31,2023-06-30,0.49704147203793353,-1,1.0,2022-11-30,702,False,c1c7ebb7a0ce,f40c3d3,bdce90482268,2026-09-22T11:25:40+00:00
2023-08-31,2023-07-31,0.642859945404217,1,0.0,2022-11-30,702,False,c1c7ebb7a0ce,f40c3d3,bdce90482268,2026-09-22T11:25:40+00:00
2023-09-30,2023-08-31,0.4588637298782771,-1,1.0,2022-11-30,702,False,c1c7ebb7a0ce,f40c3d3,bdce90482268,2026-09-22T11:25:40+00:00
2023-10-31,2023-09-30,0.5238088642250928,1,1.0,2022-11-30,702,True,c1c7ebb7a0ce,f40c3d3,bdce90482268,2026-09-22T11:25:40+00:00
2023-11-30,2023-10-31,0.4978198776047848,-1,1.0,2022-11-30,702,False,c1c7ebb7a0ce,f40c3d3,bdce90482268,2026-09-22T11:25:40+00:00
2023-12-31,2023-11-30,0.5149001448400191,1,1.0,2022-11-30,702,True,c1c7ebb7a0ce,f40c3d3,bdce90482268,2026-09-22T11:25:40+00:00
2024-01-31,2023-12-31,0.5882170436654017,1,0.0,2023-11-30,714,False,c1c7ebb7a0ce,f40c3d3,bdce90482268,2026-09-22T11:25:40+00:00
2024-02-29,2024-01-31,0.4113012131345715,-1,0.0,2023-11-30,714,True,c1c7ebb7a0ce,f40c3d3,bdce90482268,2026-09-22T11:25:40+00:00
2024-03-31,2024-02-29,0.37368385385414377,-1,1.0,2023-11-30,714,False,c1c7ebb7a0ce,f40c3d3,bdce90482268,2026-09-22T11:25:40+00:00
2024-04-30,2024-03-31,0.623404239656963,1,0.0,2023-11-30,714,False,c1c7ebb7a0ce,f40c3d3,bdce90482268,2026-09-22T11:25:40+00:00
2024-05-31,2024-04-30,0.4926857946295961,-1,0.0,2023-11-30,714,True,c1c7ebb7a0ce,f40c3d3,bdce90482268,2026-09-22T11:25:40+00:00
2024-06-30,2024-05-31,0.47760696467762787,-1,0.0,2023-11-30,714,True,c1c7ebb7a0ce,f40c3d3,bdce90482268,2026-09-22T11:25:40+00:00
2024-07-31,2024-06-30,0.4420950548895871,-1,1.0,2023-11-30,714,False,c1c7ebb7a0ce,f40c3d3,bdce90482268,2026-09-22T11:25:40+00:00
2024-08-31,2024-07-31,0.6825938709823651,1,0.0,2023-11-30,714,False,c1c7ebb7a0ce,f40c3d3,bdce90482268,2026-09-22T11:25:40+00:00
2024-09-30,2024-08-31,0.4580898833960542,-1,0.0,2023-11-30,714,True,c1c7ebb7a0ce,f40c3d3,bdce90482268,2026-09-22T11:25:40+00:00
2024-10-31,2024-09-30,0.3729739789323025,-1,1.0,2023-11-30,714,False,c1c7ebb7a0ce,f40c3d3,bdce90482268,2026-09-22T11:25:40+00:00
2024-11-30,2024-10-31,0.4918503217836678,-1,1.0,2023-11-30,714,False,c1c7ebb7a0ce,f40c3d3,bdce90482268,2026-09-22T11:25:40+00:00
2024-12-31,2024-11-30,0.49171707875613097,-1,0.0,2023-11-30,714,True,c1c7ebb7a0ce,f40c3d3,bdce90482268,2026-09-22T11:25:40+00:00
2025-01-31,2024-12-31,0.3883050544046828,-1,1.0,2024-11-30,726,False,c1c7ebb7a0ce,f40c3d3,bdce90482268,2026-09-22T11:25:40+00:00
2025-02-28,2025-01-31,0.5093327786342834,1,1.0,2024-11-30,726,True,c1c7ebb7a0ce,f40c3d3,bdce90482268,2026-09-22T11:25:40+00:00
2025-03-31,2025-02-28,0.636271530325342,1,1.0,2024-11-30,726,True,c1c7ebb7a0ce,f40c3d3,bdce90482268,2026-09-22T11:25:40+00:00
2025-04-30,2025-03-31,0.5687211831886363,1,0.0,2024-11-30,726,False,c1c7ebb7a0ce,f40c3d3,bdce90482268,2026-09-22T11:25:40+00:00
2025-05-31,2025-04-30,0.306889383250191,-1,0.0,2024-11-30,726,True,c1c7ebb7a0ce,f40c3d3,bdce90482268,2026-09-22T11:25:40+00:00
2025-06-30,2025-05-31,0.33870453500671066,-1,0.0,2024-11-30,726,True,c1c7ebb7a0ce,f40c3d3,bdce90482268,2026-09-22T11:25:40+00:00
2025-07-31,2025-06-30,0.39313080696161984,-1,0.0,2024-11-30,726,True,c1c7ebb7a0ce,f40c3d3,bdce90482268,2026-09-22T11:25:40+00:00
2025-08-31,2025-07-31,0.47573327835204393,-1,1.0,2024-11-30,726,False,c1c7ebb7a0ce,f40c3d3,bdce90482268,2026-09-22T11:25:40+00:00
2025-09-30,2025-08-31,0.6347664262714768,1,0.0,2024-11-30,726,False,c1c7ebb7a0ce,f40c3d3,bdce90482268,2026-09-22T11:25:40+00:00
2025-10-31,2025-09-30,0.4966906071217928,-1,0.0,2024-11-30,726,True,c1c7ebb7a0ce,f40c3d3,bdce90482268,2026-09-22T11:25:40+00:00
2025-11-30,2025-10-31,0.4127348314109718,-1,1.0,2024-11-30,726,False,c1c7ebb7a0ce,f40c3d3,bdce90482268,2026-09-22T11:25:40+00:00
2025-12-31,2025-11-30,0.6170239524385941,1,1.0,2024-11-30,726,True,c1c7ebb7a0ce,f40c3d3,bdce90482268,2026-09-22T11:25:40+00:00
2026-01-31,2025-12-31,0.5824516202599199,1,1.0,2025-11-30,738,True,c1c7ebb7a0ce,f40c3d3,bdce90482268,2026-09-22T11:25:40+00:00
2026-02-28,2026-01-31,0.6182394105149852,1,1.0,2025-11-30,738,True,c1c7ebb7a0ce,f40c3d3,bdce90482268,2026-09-22T11:25:40+00:00
2026-03-31,2026-02-28,0.5919598737267652,1,1.0,2025-11-30,738,True,c1c7ebb7a0ce,f40c3d3,bdce90482268,2026-09-22T11:25:40+00:00
2026-04-30,2026-03-31,0.5742185424664197,1,0.0,2025-11-30,738,False,c1c7ebb7a0ce,f40c3d3,bdce90482268,2026-09-22T11:25:40+00:00
2026-05-31,2026-04-30,0.43447433298432453,-1,0.0,2025-11-30,738,True,c1c7ebb7a0ce,f40c3d3,bdce90482268,2026-09-22T11:25:40+00:00
2026-06-30,2026-05-31,0.4363090445750402,-1,1.0,2025-11-30,738,False,c1c7ebb7a0ce,f40c3d3,bdce90482268,2026-09-22T11:25:40+00:00
2026-07-31,2026-06-30,0.6261331060558821,1,1.0,2025-11-30,738,True,c1c7ebb7a0ce,f40c3d3,bdce90482268,2026-09-22T11:25:40+00:00
2026-08-31,2026-07-31,0.5972201339646017,1,,2025-11-30,738,,c1c7ebb7a0ce,f40c3d3,bdce90482268,2026-09-22T11:25:40+00:00
