stream_id,detector,escenario,delta_sigma,delta_sharpe,arl1_meses,arl1_ic_low,arl1_ic_high,n_streams,n_censurados,n_excluidos_pre_tau,n_series,direccion,umbral,arl0_calibra,arl0_ruido_inyeccion,config_hash,commit,hash_datos,generado_en
factor_hml_sharpe,CUSUM,salto,0.15,0.8568527254967468,83.4950495049505,79.08459175361759,87.90550725628341,909,97,91,1000,A->B,4.203125,112.966,190.874,11e279799266,0049bff,c9640633e3b2,2026-09-26T19:56:13+00:00
factor_hml_sharpe,Page-Hinkley,salto,0.15,0.8568527254967468,78.09197860962567,74.00057512567142,82.18338209357992,935,67,65,1000,A->B,6.7109375,117.803,214.369,11e279799266,0049bff,c9640633e3b2,2026-09-26T19:56:13+00:00
factor_hml_sharpe,Shewhart,salto,0.15,0.8568527254967468,20.586666666666666,18.73016328511802,22.44317004821531,450,0,550,1000,A->B,2.1543272058014615,107.531,30.946,11e279799266,0049bff,c9640633e3b2,2026-09-26T19:56:13+00:00
factor_hml_sharpe,CUSUM,salto,0.25,1.4280878758279114,53.496149614961496,50.26745457890507,56.724844651017925,909,22,91,1000,A->B,4.203125,112.966,190.874,11e279799266,0049bff,c9640633e3b2,2026-09-26T19:56:13+00:00
factor_hml_sharpe,Page-Hinkley,salto,0.25,1.4280878758279114,50.9379679144385,48.041289605084444,53.83464622379256,935,8,65,1000,A->B,6.7109375,117.803,214.369,11e279799266,0049bff,c9640633e3b2,2026-09-26T19:56:13+00:00
factor_hml_sharpe,Shewhart,salto,0.25,1.4280878758279114,20.586666666666666,18.73016328511802,22.44317004821531,450,0,550,1000,A->B,2.1543272058014615,107.531,30.946,11e279799266,0049bff,c9640633e3b2,2026-09-26T19:56:13+00:00
factor_hml_sharpe,CUSUM,salto,0.5,2.856175751655823,22.895489548954895,21.554016880802983,24.236962217106807,909,0,91,1000,A->B,4.203125,112.966,190.874,11e279799266,0049bff,c9640633e3b2,2026-09-26T19:56:13+00:00
factor_hml_sharpe,Page-Hinkley,salto,0.5,2.856175751655823,21.268449197860964,20.239754772588597,22.29714362313333,935,0,65,1000,A->B,6.7109375,117.803,214.369,11e279799266,0049bff,c9640633e3b2,2026-09-26T19:56:13+00:00
factor_hml_sharpe,Shewhart,salto,0.5,2.856175751655823,10.311111111111112,9.423895559690047,11.198326662532176,450,0,550,1000,A->B,2.1543272058014615,107.531,30.946,11e279799266,0049bff,c9640633e3b2,2026-09-26T19:56:13+00:00
factor_hml_sharpe,CUSUM,salto,1.0,5.712351503311646,8.304730473047305,7.909975368477945,8.699485577616665,909,0,91,1000,A->B,4.203125,112.966,190.874,11e279799266,0049bff,c9640633e3b2,2026-09-26T19:56:13+00:00
factor_hml_sharpe,Page-Hinkley,salto,1.0,5.712351503311646,8.503743315508022,8.180299677734173,8.82718695328187,935,0,65,1000,A->B,6.7109375,117.803,214.369,11e279799266,0049bff,c9640633e3b2,2026-09-26T19:56:13+00:00
factor_hml_sharpe,Shewhart,salto,1.0,5.712351503311646,6.291111111111111,5.7462375274046495,6.835984694817573,450,0,550,1000,A->B,2.1543272058014615,107.531,30.946,11e279799266,0049bff,c9640633e3b2,2026-09-26T19:56:13+00:00
factor_hml_sharpe,CUSUM,salto,2.0,11.424703006623291,3.1012101210121013,3.0084496179736537,3.1939706240505488,909,0,91,1000,A->B,4.203125,112.966,190.874,11e279799266,0049bff,c9640633e3b2,2026-09-26T19:56:13+00:00
factor_hml_sharpe,Page-Hinkley,salto,2.0,11.424703006623291,3.73475935828877,3.6345621521937854,3.834956564383755,935,0,65,1000,A->B,6.7109375,117.803,214.369,11e279799266,0049bff,c9640633e3b2,2026-09-26T19:56:13+00:00
factor_hml_sharpe,Shewhart,salto,2.0,11.424703006623291,2.473333333333333,2.286894609849042,2.659772056817624,450,0,550,1000,A->B,2.1543272058014615,107.531,30.946,11e279799266,0049bff,c9640633e3b2,2026-09-26T19:56:13+00:00
factor_hml_sharpe,CUSUM,deriva,0.15,0.8568527254967468,89.4048404840484,85.0447831171538,93.76489785094302,909,102,91,1000,A->B,4.203125,112.966,190.874,11e279799266,0049bff,c9640633e3b2,2026-09-26T19:56:13+00:00
factor_hml_sharpe,Page-Hinkley,deriva,0.15,0.8568527254967468,82.64171122994652,78.57825527159495,86.70516718829809,935,71,65,1000,A->B,6.7109375,117.803,214.369,11e279799266,0049bff,c9640633e3b2,2026-09-26T19:56:13+00:00
factor_hml_sharpe,Shewhart,deriva,0.15,0.8568527254967468,22.642222222222223,20.72152824950996,24.562916194934488,450,0,550,1000,A->B,2.1543272058014615,107.531,30.946,11e279799266,0049bff,c9640633e3b2,2026-09-26T19:56:13+00:00
factor_hml_sharpe,CUSUM,deriva,0.25,1.4280878758279114,61.97029702970297,58.678892266355234,65.2617017930507,909,26,91,1000,A->B,4.203125,112.966,190.874,11e279799266,0049bff,c9640633e3b2,2026-09-26T19:56:13+00:00
factor_hml_sharpe,Page-Hinkley,deriva,0.25,1.4280878758279114,57.99572192513369,55.091972688256874,60.8994711620105,935,10,65,1000,A->B,6.7109375,117.803,214.369,11e279799266,0049bff,c9640633e3b2,2026-09-26T19:56:13+00:00
factor_hml_sharpe,Shewhart,deriva,0.25,1.4280878758279114,22.284444444444443,20.356487418843653,24.212401470045233,450,0,550,1000,A->B,2.1543272058014615,107.531,30.946,11e279799266,0049bff,c9640633e3b2,2026-09-26T19:56:13+00:00
factor_hml_sharpe,CUSUM,deriva,0.5,2.856175751655823,32.41144114411441,31.018854667887116,33.80402762034171,909,0,91,1000,A->B,4.203125,112.966,190.874,11e279799266,0049bff,c9640633e3b2,2026-09-26T19:56:13+00:00
factor_hml_sharpe,Page-Hinkley,deriva,0.5,2.856175751655823,30.35187165775401,29.257479625409786,31.446263690098235,935,0,65,1000,A->B,6.7109375,117.803,214.369,11e279799266,0049bff,c9640633e3b2,2026-09-26T19:56:13+00:00
factor_hml_sharpe,Shewhart,deriva,0.5,2.856175751655823,16.013333333333332,14.971973386752902,17.05469327991376,450,0,550,1000,A->B,2.1543272058014615,107.531,30.946,11e279799266,0049bff,c9640633e3b2,2026-09-26T19:56:13+00:00
factor_hml_sharpe,CUSUM,deriva,1.0,5.712351503311646,18.554455445544555,18.057978293970482,19.050932597118628,909,0,91,1000,A->B,4.203125,112.966,190.874,11e279799266,0049bff,c9640633e3b2,2026-09-26T19:56:13+00:00
factor_hml_sharpe,Page-Hinkley,deriva,1.0,5.712351503311646,18.397860962566845,17.96204004843987,18.83368187669382,935,0,65,1000,A->B,6.7109375,117.803,214.369,11e279799266,0049bff,c9640633e3b2,2026-09-26T19:56:13+00:00
factor_hml_sharpe,Shewhart,deriva,1.0,5.712351503311646,12.293333333333333,11.560587337694178,13.026079328972488,450,0,550,1000,A->B,2.1543272058014615,107.531,30.946,11e279799266,0049bff,c9640633e3b2,2026-09-26T19:56:13+00:00
factor_hml_sharpe,CUSUM,deriva,2.0,11.424703006623291,12.233223322332233,11.988849909066774,12.477596735597691,909,0,91,1000,A->B,4.203125,112.966,190.874,11e279799266,0049bff,c9640633e3b2,2026-09-26T19:56:13+00:00
factor_hml_sharpe,Page-Hinkley,deriva,2.0,11.424703006623291,12.635294117647058,12.40299928216226,12.867588953131857,935,0,65,1000,A->B,6.7109375,117.803,214.369,11e279799266,0049bff,c9640633e3b2,2026-09-26T19:56:13+00:00
factor_hml_sharpe,Shewhart,deriva,2.0,11.424703006623291,9.302222222222222,8.839096955009383,9.76534748943506,450,0,550,1000,A->B,2.1543272058014615,107.531,30.946,11e279799266,0049bff,c9640633e3b2,2026-09-26T19:56:13+00:00
factor_hml_sharpe,CUSUM,salto,0.15,0.8568527254967468,34.013888888888886,31.59512994645638,36.43264783132139,720,0,280,1000,B->A,3.21542703313753,128.129,67.275,11e279799266,0049bff,c9640633e3b2,2026-09-26T19:56:13+00:00
factor_hml_sharpe,Page-Hinkley,salto,0.15,0.8568527254967468,37.11910994764398,34.58322356781101,39.654996327476944,764,0,236,1000,B->A,5.158203125,118.628,72.218,11e279799266,0049bff,c9640633e3b2,2026-09-26T19:56:13+00:00
factor_hml_sharpe,Shewhart,salto,0.15,0.8568527254967468,119.75660160734787,114.63659282638926,124.87661038830649,871,233,129,1000,B->A,2.334874306524429,78.106,162.049,11e279799266,0049bff,c9640633e3b2,2026-09-26T19:56:13+00:00
factor_hml_sharpe,CUSUM,salto,0.25,1.4280878758279114,26.780555555555555,24.825090276704987,28.736020834406123,720,0,280,1000,B->A,3.21542703313753,128.129,67.275,11e279799266,0049bff,c9640633e3b2,2026-09-26T19:56:13+00:00
factor_hml_sharpe,Page-Hinkley,salto,0.25,1.4280878758279114,27.55628272251309,25.688701771727892,29.423863673298285,764,0,236,1000,B->A,5.158203125,118.628,72.218,11e279799266,0049bff,c9640633e3b2,2026-09-26T19:56:13+00:00
factor_hml_sharpe,Shewhart,salto,0.25,1.4280878758279114,119.75660160734787,114.63659282638926,124.87661038830649,871,233,129,1000,B->A,2.334874306524429,78.106,162.049,11e279799266,0049bff,c9640633e3b2,2026-09-26T19:56:13+00:00
factor_hml_sharpe,CUSUM,salto,0.5,2.856175751655823,17.841666666666665,16.599655752480892,19.083677580852438,720,0,280,1000,B->A,3.21542703313753,128.129,67.275,11e279799266,0049bff,c9640633e3b2,2026-09-26T19:56:13+00:00
factor_hml_sharpe,Page-Hinkley,salto,0.5,2.856175751655823,14.782722513089006,13.896168242581023,15.669276783596988,764,0,236,1000,B->A,5.158203125,118.628,72.218,11e279799266,0049bff,c9640633e3b2,2026-09-26T19:56:13+00:00
factor_hml_sharpe,Shewhart,salto,0.5,2.856175751655823,43.704936854190585,40.88744179811575,46.52243191026542,871,7,129,1000,B->A,2.334874306524429,78.106,162.049,11e279799266,0049bff,c9640633e3b2,2026-09-26T19:56:13+00:00
factor_hml_sharpe,CUSUM,salto,1.0,5.712351503311646,6.65,6.296475407123485,7.0035245928765155,720,0,280,1000,B->A,3.21542703313753,128.129,67.275,11e279799266,0049bff,c9640633e3b2,2026-09-26T19:56:13+00:00
factor_hml_sharpe,Page-Hinkley,salto,1.0,5.712351503311646,6.532722513089006,6.252515347563736,6.8129296786142755,764,0,236,1000,B->A,5.158203125,118.628,72.218,11e279799266,0049bff,c9640633e3b2,2026-09-26T19:56:13+00:00
factor_hml_sharpe,Shewhart,salto,1.0,5.712351503311646,17.827784156142364,16.653179628311264,19.002388683973464,871,0,129,1000,B->A,2.334874306524429,78.106,162.049,11e279799266,0049bff,c9640633e3b2,2026-09-26T19:56:13+00:00
factor_hml_sharpe,CUSUM,salto,2.0,11.424703006623291,2.638888888888889,2.5470692074738666,2.730708570303911,720,0,280,1000,B->A,3.21542703313753,128.129,67.275,11e279799266,0049bff,c9640633e3b2,2026-09-26T19:56:13+00:00
factor_hml_sharpe,Page-Hinkley,salto,2.0,11.424703006623291,3.1099476439790577,3.0101671857567176,3.2097281022013977,764,0,236,1000,B->A,5.158203125,118.628,72.218,11e279799266,0049bff,c9640633e3b2,2026-09-26T19:56:13+00:00
factor_hml_sharpe,Shewhart,salto,2.0,11.424703006623291,3.5361653272101035,3.322625663049991,3.749704991370216,871,0,129,1000,B->A,2.334874306524429,78.106,162.049,11e279799266,0049bff,c9640633e3b2,2026-09-26T19:56:13+00:00
factor_hml_sharpe,CUSUM,deriva,0.15,0.8568527254967468,38.981944444444444,36.45396788394388,41.50992100494501,720,1,280,1000,B->A,3.21542703313753,128.129,67.275,11e279799266,0049bff,c9640633e3b2,2026-09-26T19:56:13+00:00
factor_hml_sharpe,Page-Hinkley,deriva,0.15,0.8568527254967468,40.97643979057592,38.440650326570776,43.51222925458106,764,0,236,1000,B->A,5.158203125,118.628,72.218,11e279799266,0049bff,c9640633e3b2,2026-09-26T19:56:13+00:00
factor_hml_sharpe,Shewhart,deriva,0.15,0.8568527254967468,119.75660160734787,114.63659282638926,124.87661038830649,871,233,129,1000,B->A,2.334874306524429,78.106,162.049,11e279799266,0049bff,c9640633e3b2,2026-09-26T19:56:13+00:00
factor_hml_sharpe,CUSUM,deriva,0.25,1.4280878758279114,32.17777777777778,30.111380621923836,34.24417493363172,720,0,280,1000,B->A,3.21542703313753,128.129,67.275,11e279799266,0049bff,c9640633e3b2,2026-09-26T19:56:13+00:00
factor_hml_sharpe,Page-Hinkley,deriva,0.25,1.4280878758279114,32.79842931937173,30.853911789319728,34.742946849423724,764,0,236,1000,B->A,5.158203125,118.628,72.218,11e279799266,0049bff,c9640633e3b2,2026-09-26T19:56:13+00:00
factor_hml_sharpe,Shewhart,deriva,0.25,1.4280878758279114,119.75660160734787,114.63659282638926,124.87661038830649,871,233,129,1000,B->A,2.334874306524429,78.106,162.049,11e279799266,0049bff,c9640633e3b2,2026-09-26T19:56:13+00:00
factor_hml_sharpe,CUSUM,deriva,0.5,2.856175751655823,23.520833333333332,22.210707829657853,24.83095883700881,720,0,280,1000,B->A,3.21542703313753,128.129,67.275,11e279799266,0049bff,c9640633e3b2,2026-09-26T19:56:13+00:00
factor_hml_sharpe,Page-Hinkley,deriva,0.5,2.856175751655823,21.909685863874344,20.926028545850727,22.89334318189796,764,0,236,1000,B->A,5.158203125,118.628,72.218,11e279799266,0049bff,c9640633e3b2,2026-09-26T19:56:13+00:00
factor_hml_sharpe,Shewhart,deriva,0.5,2.856175751655823,54.85763490241102,52.02334528391975,57.69192452090229,871,8,129,1000,B->A,2.334874306524429,78.106,162.049,11e279799266,0049bff,c9640633e3b2,2026-09-26T19:56:13+00:00
factor_hml_sharpe,CUSUM,deriva,1.0,5.712351503311646,15.275,14.704315540124837,15.845684459875164,720,0,280,1000,B->A,3.21542703313753,128.129,67.275,11e279799266,0049bff,c9640633e3b2,2026-09-26T19:56:13+00:00
factor_hml_sharpe,Page-Hinkley,deriva,1.0,5.712351503311646,14.802356020942408,14.321808507791765,15.282903534093052,764,0,236,1000,B->A,5.158203125,118.628,72.218,11e279799266,0049bff,c9640633e3b2,2026-09-26T19:56:13+00:00
factor_hml_sharpe,Shewhart,deriva,1.0,5.712351503311646,28.242250287026405,27.053791654913116,29.430708919139693,871,0,129,1000,B->A,2.334874306524429,78.106,162.049,11e279799266,0049bff,c9640633e3b2,2026-09-26T19:56:13+00:00
factor_hml_sharpe,CUSUM,deriva,2.0,11.424703006623291,10.759722222222223,10.440228378501272,11.079216065943173,720,0,280,1000,B->A,3.21542703313753,128.129,67.275,11e279799266,0049bff,c9640633e3b2,2026-09-26T19:56:13+00:00
factor_hml_sharpe,Page-Hinkley,deriva,2.0,11.424703006623291,10.688481675392671,10.399844285935567,10.977119064849775,764,0,236,1000,B->A,5.158203125,118.628,72.218,11e279799266,0049bff,c9640633e3b2,2026-09-26T19:56:13+00:00
factor_hml_sharpe,Shewhart,deriva,2.0,11.424703006623291,14.530424799081516,14.1747824670057,14.886067131157331,871,0,129,1000,B->A,2.334874306524429,78.106,162.049,11e279799266,0049bff,c9640633e3b2,2026-09-26T19:56:13+00:00
